Snarl	P_value (Fisher)	P_value (Chi2)
snarl	N/A	N/A
5262721_5262719	1.0	N/A
5262719_5262717	1.0	N/A
5262717_5262714	1.0	N/A
5262714_5262711	1.0	N/A
5262711_5262707	N/A	N/A
5262707_5262705	1.0	N/A
5262705_5262702	1.0	N/A
5262702_5262699	1.0	N/A
5262699_5262696	1.0	N/A
5262696_5262693	1.0	N/A
5262693_5262690	1.0	N/A
5262690_5262687	1.0	N/A
5262687_5262684	1.0	N/A
5262684_5262681	1.0	N/A
5262681_5262678	1.0	N/A
5262678_5262675	1.0	N/A
5262675_5262672	1.0	N/A
5262672_5262669	1.0	N/A
5262669_5262666	1.0	N/A
5262666_5262664	1.0	N/A
5262664_5262661	1.0	N/A
5262661_5262658	1.0	N/A
5262658_5262655	1.0	N/A
5262655_5262652	1.0	N/A
5262652_5262649	1.0	N/A
5262649_5262646	1.0	N/A
5262646_5262643	1.0	N/A
5262643_5262640	1.0	N/A
5262640_5262637	1.0	N/A
5262637_5262634	1.0	N/A
5262634_5262631	1.0	N/A
5262631_5262628	1.0	N/A
5262628_5262625	1.0	N/A
5262625_5262622	1.0	N/A
5262622_5262619	1.0	N/A
5262619_5262614	N/A	N/A
5262614_5262611	1.0	N/A
5262611_5262608	1.0	N/A
5262608_5262605	1.0	N/A
5262604_5262601	1.0	N/A
5262601_5262598	1.0	N/A
5262598_5262595	1.0	N/A
5262594_5262591	1.0	N/A
5262591_5262588	1.0	N/A
5262588_5262586	1.0	N/A
5262586_5262583	1.0	N/A
5262583_5262580	1.0	N/A
5262580_5262577	1.0	N/A
5262577_5262574	1.0	N/A
5262574_5262571	1.0	N/A
5262571_5262569	1.0	N/A
5262569_5262566	1.0	N/A
5262565_5262563	1.0	N/A
5262563_5262556	N/A	N/A
5262556_5262553	1.0	N/A
5262553_5262550	1.0	N/A
5262550_5262548	1.0	N/A
5262548_5262546	1.0	N/A
5262546_5262538	1.0	N/A
5262538_5262536	1.0	N/A
5262536_5262534	1.0	N/A
5262534_5262532	1.0	N/A
5262532_5262530	1.0	N/A
5262530_5262507	1.0	N/A
5262529_5262526	1.0	N/A
5262526_5262523	1.0	N/A
5262523_5262520	1.0	N/A
5262520_5262517	1.0	N/A
5262517_5262514	1.0	N/A
5262514_5262511	1.0	N/A
5262511_5262508	1.0	N/A
5262507_5262504	1.0	N/A
5262504_5262501	1.0	N/A
5262500_5262497	1.0	N/A
5262497_5262494	1.0	N/A
5262494_5262491	1.0	N/A
5262491_5262489	1.0	N/A
5262489_5262486	1.0	N/A
5262486_5262483	1.0	N/A
5262483_5262480	1.0	N/A
5262480_5262478	1.0	N/A
5262478_5262475	1.0	N/A
5262475_5262472	1.0	N/A
5262472_5262469	1.0	N/A
5262469_5262466	1.0	N/A
5262466_5262463	1.0	N/A
5262463_5262028	1.0	N/A
5262462_5262460	1.0	N/A
5262460_5262457	1.0	N/A
5262457_5262450	1.0	N/A
5262456_5262454	1.0	N/A
5262450_5262447	1.0	N/A
5262447_5262444	1.0	N/A
5262444_5262441	1.0	N/A
5262441_5262438	1.0	N/A
5262438_5262436	1.0	N/A
5262436_5262433	1.0	N/A
5262433_5262428	N/A	N/A
5262428_5262425	N/A	N/A
5262425_5262423	1.0	N/A
5262422_5262419	N/A	N/A
5262419_5262417	1.0	N/A
5262417_5262415	1.0	N/A
5262415_5262412	1.0	N/A
5262412_5262409	1.0	N/A
5262409_5262406	1.0	N/A
5262406_5262404	1.0	N/A
5262404_5262401	1.0	N/A
5262401_5262398	1.0	N/A
5262398_5262395	1.0	N/A
5262395_5262392	1.0	N/A
5262392_5262390	1.0	N/A
5262390_5262388	1.0	N/A
5262388_5262385	1.0	N/A
5262385_5262383	1.0	N/A
5262383_5262380	1.0	N/A
5262380_5262377	1.0	N/A
5262377_5262375	1.0	N/A
5262375_5262373	1.0	N/A
5262373_5262371	1.0	N/A
5262371_5262368	1.0	N/A
5262368_5262366	1.0	N/A
5262366_5262364	1.0	N/A
5262364_5262362	1.0	N/A
5262362_5262360	1.0	N/A
5262360_5262358	1.0	N/A
5262358_5262356	1.0	N/A
5262356_5262354	1.0	N/A
5262354_5262351	1.0	N/A
5262351_5262349	1.0	N/A
5262349_5262344	N/A	N/A
5262344_5262342	1.0	N/A
5262342_5262340	1.0	N/A
5262340_5262338	1.0	N/A
5262338_5262336	1.0	N/A
5262336_5262334	1.0	N/A
5262334_5262332	1.0	N/A
5262332_5262330	1.0	N/A
5262330_5262327	1.0	N/A
5262327_5262325	1.0	N/A
5262325_5262323	1.0	N/A
5262323_5262321	1.0	N/A
5262321_5262318	1.0	N/A
5262318_5262316	1.0	N/A
5262316_5262289	1.0	N/A
5262315_5262312	1.0	N/A
5262312_5262309	1.0	N/A
5262309_5262307	1.0	N/A
5262307_5262304	1.0	N/A
5262304_5262301	1.0	N/A
5262301_5262298	1.0	N/A
5262298_5262296	1.0	N/A
5262296_5262293	1.0	N/A
5262293_5262290	1.0	N/A
5262289_5262287	1.0	N/A
5262287_5262285	1.0	N/A
5262285_5262283	1.0	N/A
5262283_5262281	1.0	N/A
5262281_5262278	1.0	N/A
5262278_5262276	1.0	N/A
5262276_5262273	1.0	N/A
5262273_5262270	1.0	N/A
5262270_5262267	1.0	N/A
5262267_5262264	1.0	N/A
5262264_5262261	1.0	N/A
5262261_5262258	1.0	N/A
5262258_5262255	1.0	N/A
5262255_5262253	1.0	N/A
5262253_5262251	1.0	N/A
5262251_5262249	1.0	N/A
5262249_5262247	1.0	N/A
5262247_5262245	1.0	N/A
5262245_5262242	1.0	N/A
5262242_5262239	1.0	N/A
5262239_5262236	1.0	N/A
5262236_5262233	1.0	N/A
5262233_5262231	1.0	N/A
5262231_5262228	1.0	N/A
5262228_5262225	1.0	N/A
5262225_5262222	1.0	N/A
5262222_5262220	1.0	N/A
5262220_5262215	N/A	N/A
5262215_5262211	N/A	N/A
5262211_5262208	1.0	N/A
5262208_5262205	1.0	N/A
5262205_5262202	1.0	N/A
5262202_5262198	N/A	N/A
5262198_5262195	1.0	N/A
5262195_5262191	N/A	N/A
5262191_5262188	1.0	N/A
5262188_5262183	N/A	N/A
5262183_5262180	1.0	N/A
5262180_5262177	1.0	N/A
5262177_5262175	1.0	N/A
5262175_5262173	1.0	N/A
5262173_5262170	1.0	N/A
5262170_5262167	1.0	N/A
5262167_5262164	1.0	N/A
5262164_5262162	1.0	N/A
5262162_5262160	1.0	N/A
5262160_5262157	1.0	N/A
5262157_5262155	1.0	N/A
5262155_5262153	1.0	N/A
5262153_5262151	1.0	N/A
5262151_5262149	1.0	N/A
5262149_5262147	1.0	N/A
5262147_5262144	1.0	N/A
5262144_5262142	1.0	N/A
5262142_5262139	1.0	N/A
5262139_5262137	1.0	N/A
5262137_5262134	1.0	N/A
5262134_5262132	1.0	N/A
5262132_5262130	1.0	N/A
5262130_5262128	1.0	N/A
5262128_5262125	1.0	N/A
5262125_5262123	1.0	N/A
5262123_5262121	1.0	N/A
5262121_5262118	1.0	N/A
5262118_5262116	1.0	N/A
5262116_5262114	1.0	N/A
5262114_5262112	1.0	N/A
5262112_5262109	1.0	N/A
5262109_5262106	1.0	N/A
5262106_5262104	1.0	N/A
5262104_5262102	1.0	N/A
5262102_5262100	1.0	N/A
5262100_5262098	1.0	N/A
5262098_5262096	1.0	N/A
5262096_5262093	1.0	N/A
5262093_5262090	1.0	N/A
5262090_5262088	1.0	N/A
5262088_5262086	1.0	N/A
5262086_5262083	1.0	N/A
5262083_5262081	1.0	N/A
5262081_5262078	1.0	N/A
5262078_5262076	1.0	N/A
5262076_5262073	1.0	N/A
5262073_5262071	1.0	N/A
5262071_5262068	1.0	N/A
5262068_5262066	1.0	N/A
5262066_5262064	1.0	N/A
5262064_5262062	1.0	N/A
5262062_5262060	1.0	N/A
5262060_5262058	1.0	N/A
5262058_5262056	1.0	N/A
5262056_5262054	1.0	N/A
5262054_5262051	1.0	N/A
5262051_5262047	N/A	N/A
5262047_5262030	1.0	N/A
5262046_5262044	1.0	N/A
5262044_5262042	1.0	N/A
5262042_5262040	1.0	N/A
5262040_5262038	1.0	N/A
5262038_5262035	1.0	N/A
5262035_5262033	1.0	N/A
5262033_5262031	1.0	N/A
5262028_5262025	1.0	N/A
5262025_5262022	1.0	N/A
5262022_5262019	1.0	N/A
5262019_5262016	1.0	N/A
5262016_5262014	1.0	N/A
5262014_5262011	1.0	N/A
5262011_5262008	1.0	N/A
5262008_5262005	1.0	N/A
5262005_5262003	1.0	N/A
5262003_5262000	1.0	N/A
5262000_5261998	1.0	N/A
5261998_5261996	1.0	N/A
5261996_5261993	1.0	N/A
5261993_5261991	1.0	N/A
5261991_5261989	1.0	N/A
5261989_5261986	1.0	N/A
5261986_5261984	1.0	N/A
5261984_5261981	1.0	N/A
5261981_5261979	1.0	N/A
5261979_5261976	1.0	N/A
5261976_5261974	1.0	N/A
5261974_5261971	1.0	N/A
5261971_5261968	1.0	N/A
5261968_5261965	N/A	N/A
5261965_5261963	1.0	N/A
5261963_5261961	1.0	N/A
5261961_5261958	1.0	N/A
5261958_5261955	1.0	N/A
5261955_5261952	1.0	N/A
5261952_5261950	1.0	N/A
5261950_5261948	1.0	N/A
5261948_5261945	1.0	N/A
5261945_5261942	1.0	N/A
5261942_5261940	1.0	N/A
5261940_5261937	1.0	N/A
5261937_5261935	1.0	N/A
5261935_5261932	1.0	N/A
5261932_5261929	1.0	N/A
5261929_5261926	1.0	N/A
5261926_5261923	1.0	N/A
5261923_5261920	1.0	N/A
5261920_5261917	1.0	N/A
5261917_5261914	1.0	N/A
5261914_5261911	1.0	N/A
5261911_5261908	1.0	N/A
5261908_5261905	1.0	N/A
5261905_5261902	1.0	N/A
5261902_5261900	1.0	N/A
5261900_5261897	1.0	N/A
5261897_5261894	1.0	N/A
5261894_5261891	1.0	N/A
5261891_5261888	1.0	N/A
5261888_5261885	1.0	N/A
5261885_5261882	1.0	N/A
5261882_5261879	1.0	N/A
5261879_5261876	1.0	N/A
5261876_5261874	1.0	N/A
5261874_5261871	1.0	N/A
5261871_5261869	1.0	N/A
5261869_5261866	1.0	N/A
5261866_5261863	1.0	N/A
5261863_5261860	1.0	N/A
5261860_5261857	1.0	N/A
5261857_5261855	1.0	N/A
5261854_5261851	1.0	N/A
5261851_5261847	N/A	N/A
5261847_5261844	1.0	N/A
5261844_5261841	1.0	N/A
5261841_5261838	1.0	N/A
5261838_5261836	1.0	N/A
5261836_5261834	1.0	N/A
5261834_5261831	1.0	N/A
5261831_5261828	1.0	N/A
5261828_5261826	1.0	N/A
5261826_5261824	1.0	N/A
5261824_5261821	1.0	N/A
5261821_5261818	1.0	N/A
5261818_5261816	1.0	N/A
5261816_5261814	1.0	N/A
5261814_5261812	1.0	N/A
5261812_5261809	1.0	N/A
5261809_5261807	1.0	N/A
5261807_5261804	1.0	N/A
5261804_5261801	1.0	N/A
5261801_5261799	1.0	N/A
5261799_5261796	1.0	N/A
5261796_5261793	1.0	N/A
5261793_5261790	1.0	N/A
5261790_5261787	1.0	N/A
5261787_5261784	1.0	N/A
5261784_5261781	N/A	N/A
5261781_5261778	1.0	N/A
5261778_5261775	1.0	N/A
5261775_5261772	1.0	N/A
5261772_5261769	1.0	N/A
5261769_5261766	1.0	N/A
5261766_5261764	1.0	N/A
5261764_5261761	1.0	N/A
5261761_5261758	1.0	N/A
5261758_5261751	1.0	N/A
5261757_5261754	1.0	N/A
5261754_5261752	1.0	N/A
5261750_5261747	1.0	N/A
5261747_5261745	1.0	N/A
5261745_5261742	1.0	N/A
5261742_5261739	1.0	N/A
5261739_5261736	1.0	N/A
5261736_5261733	1.0	N/A
5261733_5261730	1.0	N/A
5261730_5261728	1.0	N/A
5261728_5261725	1.0	N/A
5261725_5261722	1.0	N/A
5261722_5261720	1.0	N/A
5261720_5261717	1.0	N/A
5261717_5261715	1.0	N/A
5261715_5261040	N/A	N/A
5261714_5261711	1.0	N/A
5261711_5261708	1.0	N/A
5261708_5261699	1.0	N/A
5261699_5261697	1.0	N/A
5261697_5261694	1.0	N/A
5261694_5261692	1.0	N/A
5261692_5261689	1.0	N/A
5261689_5261686	1.0	N/A
5261686_5261683	1.0	N/A
5261683_5261680	1.0	N/A
5261680_5261677	1.0	N/A
5261677_5261674	1.0	N/A
5261674_5261672	1.0	N/A
5261671_5261668	1.0	N/A
5261668_5261666	1.0	N/A
5261666_5261663	1.0	N/A
5261663_5261660	1.0	N/A
5261660_5261658	1.0	N/A
5261658_5261655	1.0	N/A
5261655_5261652	1.0	N/A
5261652_5261649	N/A	N/A
5261649_5261646	1.0	N/A
5261646_5261644	1.0	N/A
5261644_5261641	1.0	N/A
5261641_5261638	1.0	N/A
5261638_5261635	1.0	N/A
5261635_5261633	1.0	N/A
5261633_5261630	1.0	N/A
5261630_5261627	1.0	N/A
5261627_5261624	1.0	N/A
5261624_5261622	1.0	N/A
5261622_5261620	1.0	N/A
5261620_5261618	1.0	N/A
5261618_5261615	1.0	N/A
5261615_5261612	1.0	N/A
5261612_5261609	1.0	N/A
5261609_5261606	1.0	N/A
5261606_5261603	1.0	N/A
5261603_5261600	1.0	N/A
5261600_5261597	1.0	N/A
5261597_5261594	1.0	N/A
5261594_5261591	1.0	N/A
5261591_5261589	1.0	N/A
5261589_5261586	1.0	N/A
5261586_5261583	1.0	N/A
5261583_5261580	1.0	N/A
5261580_5261577	1.0	N/A
5261576_5261574	1.0	N/A
5261574_5261571	1.0	N/A
5261571_5261569	1.0	N/A
5261569_5261567	1.0	N/A
5261567_5261565	1.0	N/A
5261565_5261562	1.0	N/A
5261562_5261559	1.0	N/A
5261559_5261556	1.0	N/A
5261556_5261554	1.0	N/A
5261554_5261552	1.0	N/A
5261552_5261549	1.0	N/A
5261549_5261546	1.0	N/A
5261546_5261543	1.0	N/A
5261543_5261541	1.0	N/A
5261541_5261533	1.0	N/A
5261540_5261537	1.0	N/A
5261537_5261534	1.0	N/A
5261532_5261529	1.0	N/A
5261529_5261527	1.0	N/A
5261527_5261524	1.0	N/A
5261524_5261521	1.0	N/A
5261521_5261518	N/A	N/A
5261518_5261516	1.0	N/A
5261516_5261514	1.0	N/A
5261514_5261508	1.0	N/A
5261508_5261505	1.0	N/A
5261505_5261503	1.0	N/A
5261503_5261501	1.0	N/A
5261501_5261498	1.0	N/A
5261498_5261496	1.0	N/A
5261496_5261493	1.0	N/A
5261493_5261490	1.0	N/A
5261490_5261488	1.0	N/A
5261488_5261485	1.0	N/A
5261485_5261482	N/A	N/A
5261482_5261480	1.0	N/A
5261480_5261478	1.0	N/A
5261478_5261476	1.0	N/A
5261476_5261473	1.0	N/A
5261473_5261471	1.0	N/A
5261471_5261468	1.0	N/A
5261468_5261466	1.0	N/A
5261466_5261463	1.0	N/A
5261463_5261461	1.0	N/A
5261461_5261459	1.0	N/A
5261459_5261456	1.0	N/A
5261456_5261453	1.0	N/A
5261453_5261450	1.0	N/A
5261450_5261447	1.0	N/A
5261447_5261445	1.0	N/A
5261445_5261441	N/A	N/A
5261441_5261436	1.0	N/A
5261436_5261433	1.0	N/A
5261433_5261431	1.0	N/A
5261431_5261428	1.0	N/A
5261428_5261425	1.0	N/A
5261425_5261423	1.0	N/A
5261423_5261420	1.0	N/A
5261420_5261417	1.0	N/A
5261417_5261414	1.0	N/A
5261413_5261410	1.0	N/A
5261410_5261407	1.0	N/A
5261407_5261404	1.0	N/A
5261404_5261401	1.0	N/A
5261401_5261398	1.0	N/A
5261398_5261396	1.0	N/A
5261396_5261393	1.0	N/A
5261393_5261389	N/A	N/A
5261389_5261386	1.0	N/A
5261386_5261383	1.0	N/A
5261383_5261374	1.0	N/A
5261374_5261371	1.0	N/A
5261371_5261368	1.0	N/A
5261368_5261365	1.0	N/A
5261365_5261362	1.0	N/A
5261362_5261359	1.0	N/A
5261359_5261356	1.0	N/A
5261356_5261353	1.0	N/A
5261353_5261344	1.0	N/A
5261352_5261348	1.0	N/A
5261348_5261345	1.0	N/A
5261344_5261341	1.0	N/A
5261341_5261338	1.0	N/A
5261338_5261335	1.0	N/A
5261335_5261332	1.0	N/A
5261332_5261329	1.0	N/A
5261329_5261326	1.0	N/A
5261326_5261321	1.0	N/A
5261325_5261322	1.0	N/A
5261321_5261318	1.0	N/A
5261318_5261315	1.0	N/A
5261315_5261312	1.0	N/A
5261312_5261309	1.0	N/A
5261309_5261306	1.0	N/A
5261306_5261304	1.0	N/A
5261304_5261300	N/A	N/A
5261300_5261297	1.0	N/A
5261297_5261294	1.0	N/A
5261294_5261291	1.0	N/A
5261291_5261288	1.0	N/A
5261288_5261285	1.0	N/A
5261285_5261282	1.0	N/A
5261282_5261279	1.0	N/A
5261279_5261276	1.0	N/A
5261276_5261274	1.0	N/A
5261274_5261271	1.0	N/A
5261271_5261268	1.0	N/A
5261268_5261265	1.0	N/A
5261265_5261262	1.0	N/A
5261262_5261259	1.0	N/A
5261259_5261256	1.0	N/A
5261256_5261253	1.0	N/A
5261253_5261250	1.0	N/A
5261250_5261247	1.0	N/A
5261247_5261244	1.0	N/A
5261244_5261241	1.0	N/A
5261241_5261238	1.0	N/A
5261238_5261236	1.0	N/A
5261236_5261234	1.0	N/A
5261233_5261230	1.0	N/A
5261230_5261227	1.0	N/A
5261227_5261224	1.0	N/A
5261224_5261221	1.0	N/A
5261221_5261218	1.0	N/A
5261218_5261215	1.0	N/A
5261215_5261206	1.0	N/A
5261206_5261204	1.0	N/A
5261204_5261201	1.0	N/A
5261201_5261198	1.0	N/A
5261198_5261195	1.0	N/A
5261195_5261192	1.0	N/A
5261192_5261189	1.0	N/A
5261189_5261186	1.0	N/A
5261186_5261184	1.0	N/A
5261184_5261181	1.0	N/A
5261181_5261178	1.0	N/A
5261178_5261175	1.0	N/A
5261175_5261172	1.0	N/A
5261172_5261169	1.0	N/A
5261169_5261166	1.0	N/A
5261166_5261163	1.0	N/A
5261163_5261160	1.0	N/A
5261160_5261157	1.0	N/A
5261157_5261154	1.0	N/A
5261154_5261151	1.0	N/A
5261151_5261149	1.0	N/A
5261149_5261146	1.0	N/A
5261146_5261144	1.0	N/A
5261144_5261142	1.0	N/A
5261142_5261134	1.0	N/A
5261133_5261130	1.0	N/A
5261130_5261127	1.0	N/A
5261127_5261124	1.0	N/A
5261124_5261122	1.0	N/A
5261122_5261120	1.0	N/A
5261120_5261117	1.0	N/A
5261117_5261115	1.0	N/A
5261115_5261112	1.0	N/A
5261112_5261109	1.0	N/A
5261109_5261100	1.0	N/A
5261100_5261097	1.0	N/A
5261097_5261094	1.0	N/A
5261094_5261091	1.0	N/A
5261091_5261088	1.0	N/A
5261088_5261085	1.0	N/A
5261085_5261082	1.0	N/A
5261082_5261080	1.0	N/A
5261080_5261077	1.0	N/A
5261077_5261075	1.0	N/A
5261075_5261073	1.0	N/A
5261073_5261070	1.0	N/A
5261070_5261068	1.0	N/A
5261068_5261066	1.0	N/A
5261066_5261063	1.0	N/A
5261063_5261060	1.0	N/A
5261060_5261058	1.0	N/A
5261058_5261055	1.0	N/A
5261055_5261052	1.0	N/A
5261052_5261049	1.0	N/A
5261049_5261047	1.0	N/A
5261047_5261044	1.0	N/A
5261044_5261041	1.0	N/A
5261040_5261037	1.0	N/A
5261037_5261034	1.0	N/A
5261034_5261031	1.0	N/A
5261031_5261028	1.0	N/A
5261028_5261025	1.0	N/A
5261025_5261022	1.0	N/A
5261022_5261019	1.0	N/A
5261019_5261017	1.0	N/A
5261017_5261015	1.0	N/A
5261015_5261012	1.0	N/A
5261012_5261009	1.0	N/A
5261009_5261006	1.0	N/A
5261006_5261003	1.0	N/A
5261003_5261000	N/A	N/A
5261000_5260997	1.0	N/A
5260997_5260994	1.0	N/A
5260994_5260991	1.0	N/A
5260991_5260988	1.0	N/A
5260988_5260985	1.0	N/A
5260985_5260982	1.0	N/A
5260982_5260979	1.0	N/A
5260978_5260970	1.0	N/A
5260970_5260968	1.0	N/A
5260966_5260963	1.0	N/A
5260963_5260960	1.0	N/A
5260960_5260957	1.0	N/A
5260957_5260954	1.0	N/A
5260954_5260951	1.0	N/A
5260951_5260948	1.0	N/A
5260948_5260945	1.0	N/A
5260945_5260942	1.0	N/A
5260942_5260939	1.0	N/A
5260939_5260936	1.0	N/A
5260936_5260933	1.0	N/A
5260933_5260913	1.0	N/A
5260932_5260929	N/A	N/A
5260929_5260926	1.0	N/A
5260926_5260924	1.0	N/A
5260924_5260921	N/A	N/A
5260921_5260918	N/A	N/A
5260918_5260916	1.0	N/A
5260916_5260914	1.0	N/A
5260913_5260910	1.0	N/A
5260910_5260906	1.0	N/A
5260906_5260903	1.0	N/A
5260903_5260900	1.0	N/A
5260900_5260897	1.0	N/A
5260897_5260894	1.0	N/A
5260894_5260891	1.0	N/A
5260891_5260888	1.0	N/A
5260888_5260885	1.0	N/A
5260885_5260880	N/A	N/A
5260880_5260877	1.0	N/A
5260877_5260874	1.0	N/A
5260874_5260871	1.0	N/A
5260871_5260866	N/A	N/A
5260866_5260863	1.0	N/A
5260863_5260861	1.0	N/A
5260861_5260858	1.0	N/A
5260858_5260855	1.0	N/A
5260855_5260853	1.0	N/A
5260853_5260851	1.0	N/A
5260851_5260845	1.0	N/A
5260845_5260843	1.0	N/A
5260843_5260841	1.0	N/A
5260841_5260839	1.0	N/A
5260839_5260836	1.0	N/A
5260836_5260833	1.0	N/A
5260833_5260830	1.0	N/A
5260830_5260827	1.0	N/A
5260827_5260824	1.0	N/A
5260824_5260821	1.0	N/A
5260821_5260818	1.0	N/A
5260818_5260815	1.0	N/A
5260815_5260812	1.0	N/A
5260812_5260809	1.0	N/A
5260809_5260806	1.0	N/A
5260806_5260804	1.0	N/A
5260804_5260801	1.0	N/A
5260801_5260799	1.0	N/A
5260799_5260793	N/A	N/A
5260793_5260791	1.0	N/A
5260791_5260788	1.0	N/A
5260788_5260785	1.0	N/A
5260785_5260780	N/A	N/A
5260780_5260778	1.0	N/A
5260778_5260776	1.0	N/A
5260776_5260773	1.0	N/A
5260773_5260770	1.0	N/A
5260770_5260767	N/A	N/A
5260767_5260764	1.0	N/A
5260764_5260761	1.0	N/A
5260761_5260758	1.0	N/A
5260758_5260755	1.0	N/A
5260755_5260752	1.0	N/A
5260752_5260749	1.0	N/A
5260749_5260742	1.0	N/A
5260748_5260745	1.0	N/A
5260745_5260743	1.0	N/A
5260741_5260738	1.0	N/A
5260738_5260736	1.0	N/A
5260736_5260733	1.0	N/A
5260733_5260730	1.0	N/A
5260730_5260727	1.0	N/A
5260727_5260724	1.0	N/A
5260724_5260721	1.0	N/A
5260721_5260718	1.0	N/A
5260718_5260715	1.0	N/A
5260715_5260713	1.0	N/A
5260713_5260710	1.0	N/A
5260710_5260707	1.0	N/A
5260707_5260704	1.0	N/A
5260704_5260701	1.0	N/A
5260701_5260698	1.0	N/A
5260698_5260695	1.0	N/A
5260695_5260693	1.0	N/A
5260693_5260690	1.0	N/A
5260690_5260687	1.0	N/A
5260687_5260684	1.0	N/A
5260684_5260681	1.0	N/A
5260681_5260678	1.0	N/A
5260678_5260675	1.0	N/A
5260675_5260672	1.0	N/A
5260672_5260669	1.0	N/A
5260669_5260666	1.0	N/A
5260666_5260664	1.0	N/A
5260664_5260661	1.0	N/A
5260661_5260658	1.0	N/A
5260658_5260655	1.0	N/A
5260655_5260652	1.0	N/A
5260652_5260649	1.0	N/A
5260649_5260646	1.0	N/A
5260646_5260643	1.0	N/A
5260643_5260640	1.0	N/A
5260640_5260637	1.0	N/A
5260637_5260635	1.0	N/A
5260635_5260632	N/A	N/A
5260632_5260630	1.0	N/A
5260630_5260627	1.0	N/A
5260627_5260624	1.0	N/A
5260624_5260620	1.0	N/A
5260623_5260621	1.0	N/A
5260620_5260617	1.0	N/A
5260617_5260380	N/A	N/A
5260508_5260505	1.0	N/A
5260505_5260502	1.0	N/A
5260502_5260499	1.0	N/A
5260499_5260497	1.0	N/A
5260497_5260494	1.0	N/A
5260494_5260491	1.0	N/A
5260491_5260488	1.0	N/A
5260488_5260485	1.0	N/A
5260485_5260482	1.0	N/A
5260482_5260479	1.0	N/A
5260479_5260476	1.0	N/A
5260476_5260474	1.0	N/A
5260474_5260472	1.0	N/A
5260472_5260469	1.0	N/A
5260469_5260466	1.0	N/A
5260466_5260463	1.0	N/A
5260463_5260460	1.0	N/A
5260460_5260457	1.0	N/A
5260457_5260454	1.0	N/A
5260454_5260451	1.0	N/A
5260451_5260448	1.0	N/A
5260448_5260445	1.0	N/A
5260445_5260442	1.0	N/A
5260442_5260439	1.0	N/A
5260439_5260436	1.0	N/A
5260436_5260433	1.0	N/A
5260433_5260430	1.0	N/A
5260430_5260427	1.0	N/A
5260427_5260425	1.0	N/A
5260425_5260422	1.0	N/A
5260422_5260419	N/A	N/A
5260419_5260416	1.0	N/A
5260416_5260413	1.0	N/A
5260413_5260410	N/A	N/A
5260409_5260406	1.0	N/A
5260405_5260393	1.0	N/A
5260393_5260390	1.0	N/A
5260390_5260387	1.0	N/A
5260387_5260383	N/A	N/A
5260383_5260381	1.0	N/A
5260522_5260530	1.0	N/A
5260530_5260533	1.0	N/A
5260533_5260536	1.0	N/A
5260536_5260538	1.0	N/A
5260538_5260542	N/A	N/A
5260542_5260545	1.0	N/A
5260545_5260548	1.0	N/A
5260548_5260551	1.0	N/A
5260551_5260554	1.0	N/A
5260554_5260556	1.0	N/A
5260556_5260559	1.0	N/A
5260559_5260561	1.0	N/A
5260561_5260564	1.0	N/A
5260564_5260567	1.0	N/A
5260567_5260569	1.0	N/A
5260569_5260572	1.0	N/A
5260572_5260574	1.0	N/A
5260574_5260577	1.0	N/A
5260577_5260580	1.0	N/A
5260580_5260583	1.0	N/A
5260583_5260586	1.0	N/A
5260586_5260589	1.0	N/A
5260589_5260592	1.0	N/A
5260592_5260595	1.0	N/A
5260595_5260598	1.0	N/A
5260598_5260601	1.0	N/A
5260601_5260604	1.0	N/A
5260604_5260607	1.0	N/A
5260607_5260610	1.0	N/A
5260611_5260614	1.0	N/A
5260513_5260515	1.0	N/A
5260515_5260518	1.0	N/A
5260518_5260521	1.0	N/A
5260512_5260509	1.0	N/A
5260380_5260377	1.0	N/A
5260377_5260374	1.0	N/A
5260374_5260371	1.0	N/A
5260371_5260369	1.0	N/A
5260369_5260366	1.0	N/A
5260366_5260363	1.0	N/A
5260363_5260360	1.0	N/A
5260360_5260358	1.0	N/A
5260358_5260355	1.0	N/A
5260355_5260352	1.0	N/A
5260352_5260349	1.0	N/A
5260349_5260346	1.0	N/A
5260346_5260344	1.0	N/A
5260343_5260341	1.0	N/A
5260341_5260338	1.0	N/A
5260338_5260335	1.0	N/A
5260335_5260332	1.0	N/A
5260332_5260329	1.0	N/A
5260329_5260326	1.0	N/A
5260326_5260323	1.0	N/A
5260323_5260320	1.0	N/A
5260320_5260316	N/A	N/A
5260316_5260313	1.0	N/A
5260313_5260310	1.0	N/A
5260310_5260307	1.0	N/A
5260307_5260304	1.0	N/A
5260304_5260301	1.0	N/A
5260301_5260298	1.0	N/A
5260298_5260295	1.0	N/A
5260295_5260292	1.0	N/A
5260292_5260289	1.0	N/A
5260289_5260287	1.0	N/A
5260287_5260284	1.0	N/A
5260284_5260282	1.0	N/A
5260282_5260280	1.0	N/A
5260280_5260277	1.0	N/A
5260277_5260274	1.0	N/A
5260274_5260271	1.0	N/A
5260271_5260263	1.0	N/A
5260270_5260267	1.0	N/A
5260267_5260264	1.0	N/A
5260263_5260261	1.0	N/A
5260261_5260258	1.0	N/A
5260258_5260255	1.0	N/A
5260255_5260252	1.0	N/A
5260252_5260249	1.0	N/A
5260249_5260246	1.0	N/A
5260246_5260243	1.0	N/A
5260243_5260240	1.0	N/A
5260240_5260237	1.0	N/A
5260237_5260234	N/A	N/A
5260234_5260232	1.0	N/A
5260232_5260229	1.0	N/A
5260229_5260226	1.0	N/A
5260226_5260221	N/A	N/A
5260221_5260217	N/A	N/A
5260217_5260215	1.0	N/A
5260215_5260211	N/A	N/A
5260211_5260204	N/A	N/A
5260205_5260207	1.0	N/A
5260204_5260201	1.0	N/A
5260201_5260198	1.0	N/A
5260198_5260195	1.0	N/A
5260195_5260193	1.0	N/A
5260193_5260190	1.0	N/A
5260190_5260187	1.0	N/A
5260187_5260184	1.0	N/A
5260184_5260181	1.0	N/A
5260181_5260178	1.0	N/A
5260178_5260175	1.0	N/A
5260175_5260173	1.0	N/A
5260173_5260170	1.0	N/A
5260170_5260167	1.0	N/A
5260167_5260164	1.0	N/A
5260164_5260161	1.0	N/A
5260161_5260159	1.0	N/A
5260159_5260156	1.0	N/A
5260156_5260154	1.0	N/A
5260154_5260152	1.0	N/A
5260152_5260149	1.0	N/A
5260149_5260146	1.0	N/A
5260146_5260144	1.0	N/A
5260144_5260141	1.0	N/A
5260141_5260138	1.0	N/A
5260138_5260135	1.0	N/A
5260135_5260132	1.0	N/A
5260132_5260129	1.0	N/A
5260129_5260126	1.0	N/A
5260126_5260123	1.0	N/A
5260123_5260120	1.0	N/A
5260120_5260117	1.0	N/A
5260117_5260115	1.0	N/A
5260115_5260112	1.0	N/A
5260112_5260109	1.0	N/A
5260109_5260106	1.0	N/A
5260106_5260103	1.0	N/A
5260103_5260100	1.0	N/A
5260100_5260097	1.0	N/A
5260097_5260094	1.0	N/A
5260094_5260091	1.0	N/A
5260091_5260089	1.0	N/A
5260089_5260087	1.0	N/A
5260087_5260084	1.0	N/A
5260084_5260082	1.0	N/A
5260082_5260079	1.0	N/A
5260079_5260076	1.0	N/A
5260076_5260073	1.0	N/A
5260073_5260070	1.0	N/A
5260070_5260067	1.0	N/A
5260067_5260064	1.0	N/A
5260064_5260061	1.0	N/A
5260061_5260058	1.0	N/A
5260058_5260055	1.0	N/A
5260055_5260053	1.0	N/A
5260053_5260050	1.0	N/A
5260050_5260045	N/A	N/A
5260045_5260042	1.0	N/A
5260042_5260040	1.0	N/A
5260040_5260035	N/A	N/A
5260035_5260032	1.0	N/A
5260032_5260029	1.0	N/A
5260029_5260024	N/A	N/A
5260024_5260021	N/A	N/A
5260021_5260019	1.0	N/A
5260019_5260017	1.0	N/A
5260017_5260014	1.0	N/A
5260014_5260009	1.0	N/A
5260011_5260013	1.0	N/A
5260009_5260006	1.0	N/A
5260006_5260003	1.0	N/A
5260003_5260000	1.0	N/A
5260000_5259913	N/A	N/A
5259999_5259997	1.0	N/A
5259997_5259994	1.0	N/A
5259993_5259991	1.0	N/A
5259991_5259988	1.0	N/A
5259988_5259986	1.0	N/A
5259986_5259983	1.0	N/A
5259983_5259980	1.0	N/A
5259980_5259977	1.0	N/A
5259977_5259974	1.0	N/A
5259974_5259971	1.0	N/A
5259971_5259968	1.0	N/A
5259968_5259965	1.0	N/A
5259964_5259961	1.0	N/A
5259961_5259958	1.0	N/A
5259958_5259955	1.0	N/A
5259955_5259925	N/A	N/A
5259945_5259942	1.0	N/A
5259942_5259939	1.0	N/A
5259939_5259936	N/A	N/A
5259936_5259934	1.0	N/A
5259934_5259931	1.0	N/A
5259931_5259928	1.0	N/A
5259925_5259922	1.0	N/A
5259922_5259920	1.0	N/A
5259920_5259917	1.0	N/A
5259917_5259914	1.0	N/A
5259913_5259910	1.0	N/A
5259910_5259907	1.0	N/A
5259907_5259904	1.0	N/A
5259904_5259901	1.0	N/A
5259901_5259813	N/A	N/A
5259897_5259900	1.0	N/A
5259816_5259819	1.0	N/A
5259819_5259822	1.0	N/A
5259894_5259891	N/A	N/A
5259891_5259888	1.0	N/A
5259888_5259885	1.0	N/A
5259885_5259882	1.0	N/A
5259882_5259879	1.0	N/A
5259879_5259876	1.0	N/A
5259876_5259873	1.0	N/A
5259873_5259870	1.0	N/A
5259870_5259867	1.0	N/A
5259867_5259864	1.0	N/A
5259864_5259861	1.0	N/A
5259861_5259858	1.0	N/A
5259858_5259855	1.0	N/A
5259855_5259852	1.0	N/A
5259852_5259850	1.0	N/A
5259850_5259847	1.0	N/A
5259847_5259845	1.0	N/A
5259845_5259843	1.0	N/A
5259843_5259840	1.0	N/A
5259840_5259838	1.0	N/A
5259838_5259835	1.0	N/A
5259835_5259832	1.0	N/A
5259832_5259829	1.0	N/A
5259829_5259826	1.0	N/A
5259826_5259823	1.0	N/A
5259813_5259810	1.0	N/A
5259810_5259808	1.0	N/A
5259808_5259805	1.0	N/A
5259805_5259802	1.0	N/A
5259802_5259799	1.0	N/A
5259799_5259797	1.0	N/A
5259797_5259794	N/A	N/A
5259794_5259791	1.0	N/A
5259791_5259788	1.0	N/A
5259788_5259785	1.0	N/A
5259785_5259782	1.0	N/A
5259782_5259779	1.0	N/A
5259779_5259776	1.0	N/A
5259776_5259773	1.0	N/A
5259773_5259770	1.0	N/A
5259770_5259766	N/A	N/A
5259766_5259763	1.0	N/A
5259763_5259761	1.0	N/A
5259761_5259758	1.0	N/A
5259758_5259756	1.0	N/A
5259756_5259753	1.0	N/A
5259753_5259750	1.0	N/A
5259750_5259747	1.0	N/A
5259747_5259744	1.0	N/A
5259744_5259741	1.0	N/A
5259741_5259738	1.0	N/A
5259738_5259735	1.0	N/A
5259735_5259733	1.0	N/A
5259733_5259730	1.0	N/A
5259730_5259727	1.0	N/A
5259727_5259725	1.0	N/A
5259725_5259722	1.0	N/A
5259722_5259720	1.0	N/A
5259720_5259717	1.0	N/A
5259717_5259714	1.0	N/A
5259714_5259712	1.0	N/A
5259712_5259709	1.0	N/A
5259709_5259707	1.0	N/A
5259707_5259704	1.0	N/A
5259704_5259701	1.0	N/A
5259701_5259699	1.0	N/A
5259699_5259696	1.0	N/A
5259696_5259693	1.0	N/A
5259693_5259690	1.0	N/A
5259690_5259687	1.0	N/A
5259687_5259684	1.0	N/A
5259684_5259682	1.0	N/A
5259682_5259677	N/A	N/A
5259677_5259674	1.0	N/A
5259674_5259671	1.0	N/A
5259671_5259668	1.0	N/A
5259668_5259663	N/A	N/A
5259663_5259661	1.0	N/A
5259661_5259658	1.0	N/A
5259658_5259656	1.0	N/A
5259656_5259653	1.0	N/A
5259653_5259650	1.0	N/A
5259650_5259647	1.0	N/A
5259647_5259644	1.0	N/A
5259644_5259642	1.0	N/A
5259641_5259638	1.0	N/A
5259638_5259635	1.0	N/A
5259635_5259632	1.0	N/A
5259632_5259629	1.0	N/A
5259629_5259627	1.0	N/A
5259627_5259624	1.0	N/A
5259624_5259621	1.0	N/A
5259621_5259618	1.0	N/A
5259618_5259615	1.0	N/A
5259615_5259613	1.0	N/A
5259613_5259611	1.0	N/A
5259611_5259608	1.0	N/A
5259608_5259605	1.0	N/A
5259605_5259602	1.0	N/A
5259602_5259599	1.0	N/A
5259599_5259596	1.0	N/A
5259596_5259593	N/A	N/A
5259593_5259590	1.0	N/A
5259590_5259587	1.0	N/A
5259587_5259584	1.0	N/A
5259584_5259581	1.0	N/A
5259581_5259579	1.0	N/A
5259578_5259575	1.0	N/A
5259575_5259572	1.0	N/A
5259572_5259387	N/A	N/A
5259571_5259568	1.0	N/A
5259568_5259565	1.0	N/A
5259565_5259562	1.0	N/A
5259562_5259559	1.0	N/A
5259559_5259556	1.0	N/A
5259556_5259553	1.0	N/A
5259553_5259550	1.0	N/A
5259550_5259547	1.0	N/A
5259547_5259544	1.0	N/A
5259544_5259541	1.0	N/A
5259541_5259538	1.0	N/A
5259538_5259536	1.0	N/A
5259536_5259533	1.0	N/A
5259533_5259530	1.0	N/A
5259530_5259527	1.0	N/A
5259527_5259524	N/A	N/A
5259524_5259521	1.0	N/A
5259521_5259518	1.0	N/A
5259518_5259515	1.0	N/A
5259515_5259512	1.0	N/A
5259512_5259510	1.0	N/A
5259510_5259508	1.0	N/A
5259508_5259505	1.0	N/A
5259505_5259502	1.0	N/A
5259502_5259499	1.0	N/A
5259499_5259496	1.0	N/A
5259496_5259493	1.0	N/A
5259493_5259490	1.0	N/A
5259490_5259487	1.0	N/A
5259487_5259485	1.0	N/A
5259485_5259481	N/A	N/A
5259481_5259478	1.0	N/A
5259478_5259475	N/A	N/A
5259475_5259472	1.0	N/A
5259472_5259469	1.0	N/A
5259469_5259466	1.0	N/A
5259466_5259462	N/A	N/A
5259462_5259459	1.0	N/A
5259459_5259454	1.0	N/A
5259457_5259455	1.0	N/A
5259454_5259451	1.0	N/A
5259451_5259448	1.0	N/A
5259448_5259445	1.0	N/A
5259445_5259442	1.0	N/A
5259442_5259439	1.0	N/A
5259439_5259436	1.0	N/A
5259436_5259428	1.0	N/A
5259428_5259418	N/A	N/A
5259427_5259424	1.0	N/A
5259424_5259421	1.0	N/A
5259418_5259415	1.0	N/A
5259415_5259413	1.0	N/A
5259413_5259410	1.0	N/A
5259410_5259407	1.0	N/A
5259407_5259404	1.0	N/A
5259404_5259401	1.0	N/A
5259401_5259398	1.0	N/A
5259398_5259395	1.0	N/A
5259395_5259392	1.0	N/A
5259392_5259389	1.0	N/A
5259387_5259384	1.0	N/A
5259384_5259381	1.0	N/A
5259381_5259378	1.0	N/A
5259378_5259375	1.0	N/A
5259375_5259372	1.0	N/A
5259372_5259369	1.0	N/A
5259369_5259366	1.0	N/A
5259366_5259363	1.0	N/A
5259363_5259360	1.0	N/A
5259360_5259357	1.0	N/A
5259357_5259354	1.0	N/A
5259354_5259351	1.0	N/A
5259351_5259349	1.0	N/A
5259349_5259347	1.0	N/A
5259347_5259344	1.0	N/A
5259344_5259341	1.0	N/A
5259341_5259338	N/A	N/A
5259338_5259335	1.0	N/A
5259335_5259332	1.0	N/A
5259332_5259330	1.0	N/A
5259330_5259328	1.0	N/A
5259328_5259325	1.0	N/A
5259325_5259322	1.0	N/A
5259322_5259319	1.0	N/A
5259319_5259316	1.0	N/A
5259316_5259313	N/A	N/A
5259313_5259310	1.0	N/A
5259310_5259307	1.0	N/A
5259307_5259304	1.0	N/A
5259304_5259301	1.0	N/A
5259301_5259298	1.0	N/A
5259298_5259293	1.0	N/A
5259297_5259294	1.0	N/A
5259293_5259290	1.0	N/A
5259290_5259287	1.0	N/A
5259287_5259284	1.0	N/A
5259284_5259281	1.0	N/A
5259281_5259278	1.0	N/A
5259278_5259275	1.0	N/A
5259275_5259267	1.0	N/A
5259274_5259271	1.0	N/A
5259271_5259268	1.0	N/A
5259266_5259182	N/A	N/A
5259197_5259200	1.0	N/A
5259200_5259203	1.0	N/A
5259203_5259206	1.0	N/A
5259206_5259209	1.0	N/A
5259209_5259212	1.0	N/A
5259212_5259215	1.0	N/A
5259215_5259218	N/A	N/A
5259218_5259221	1.0	N/A
5259221_5259224	1.0	N/A
5259224_5259227	1.0	N/A
5259227_5259230	1.0	N/A
5259230_5259233	1.0	N/A
5259233_5259236	1.0	N/A
5259236_5259239	1.0	N/A
5259239_5259242	1.0	N/A
5259242_5259245	1.0	N/A
5259245_5259248	1.0	N/A
5259248_5259251	1.0	N/A
5259251_5259254	1.0	N/A
5259254_5259257	1.0	N/A
5259257_5259260	1.0	N/A
5259260_5259263	1.0	N/A
5259193_5259191	1.0	N/A
5259191_5259188	1.0	N/A
5259187_5259185	1.0	N/A
5259181_5259178	1.0	N/A
5259178_5259175	1.0	N/A
5259175_5259172	1.0	N/A
5259172_5259170	1.0	N/A
5259170_5259167	1.0	N/A
5259167_5259165	1.0	N/A
5259165_5259163	1.0	N/A
5259163_5259161	1.0	N/A
5259161_5259156	1.0	N/A
5259160_5259157	1.0	N/A
5259154_5259151	1.0	N/A
5259151_5259148	1.0	N/A
5259148_5259145	1.0	N/A
5259145_5259142	1.0	N/A
5259142_5259139	1.0	N/A
5259139_5259136	1.0	N/A
5259136_5259133	1.0	N/A
5259133_5259130	1.0	N/A
5259130_5259127	1.0	N/A
5259127_5259124	1.0	N/A
5259124_5259121	1.0	N/A
5259121_5259118	1.0	N/A
5259118_5259115	1.0	N/A
5259115_5259112	1.0	N/A
5259112_5259109	1.0	N/A
5259109_5259107	1.0	N/A
5259107_5259104	1.0	N/A
5259104_5259101	1.0	N/A
5259101_5259099	1.0	N/A
5259099_5259096	1.0	N/A
5259096_5259094	1.0	N/A
5259094_5259091	1.0	N/A
5259091_5259088	1.0	N/A
5259088_5259085	1.0	N/A
5259085_5259082	1.0	N/A
5259082_5259079	1.0	N/A
5259079_5259076	1.0	N/A
5259076_5259074	1.0	N/A
5259074_5259072	1.0	N/A
5259072_5259069	1.0	N/A
5259069_5259067	1.0	N/A
5259067_5259064	N/A	N/A
5259064_5259061	1.0	N/A
5259061_5259058	1.0	N/A
5259058_5259055	1.0	N/A
5259055_5259052	1.0	N/A
5259052_5259050	1.0	N/A
5259050_5259047	1.0	N/A
5259047_5259044	1.0	N/A
5259044_5259041	1.0	N/A
5259041_5259038	1.0	N/A
5259038_5259030	1.0	N/A
5259030_5259028	1.0	N/A
5259028_5259025	N/A	N/A
5259025_5259023	1.0	N/A
5259023_5259021	1.0	N/A
5259021_5259019	1.0	N/A
5259019_5259016	1.0	N/A
5259016_5259012	1.0	N/A
5259015_5259013	1.0	N/A
5259011_5259008	1.0	N/A
5259008_5259005	N/A	N/A
5259005_5259002	1.0	N/A
5259002_5258999	1.0	N/A
5258999_5258997	1.0	N/A
5258996_5258981	N/A	N/A
5258981_5258978	1.0	N/A
5258978_5258976	1.0	N/A
5258976_5258974	1.0	N/A
5258974_5258971	1.0	N/A
5258971_5258968	1.0	N/A
5258968_5258965	1.0	N/A
5258965_5258961	N/A	N/A
5258961_5258958	1.0	N/A
5258958_5258955	1.0	N/A
5258955_5258952	1.0	N/A
5258952_5258949	1.0	N/A
5258949_5258946	1.0	N/A
5258946_5258943	1.0	N/A
5258943_5258940	1.0	N/A
5258939_5258934	1.0	N/A
5258938_5258935	1.0	N/A
5258934_5258931	1.0	N/A
5258931_5258928	1.0	N/A
5258928_5258925	1.0	N/A
5258925_5258922	1.0	N/A
5258922_5258920	1.0	N/A
5258920_5258917	1.0	N/A
5258917_5258914	1.0	N/A
5258914_5258911	1.0	N/A
5258911_5258903	1.0	N/A
5258910_5258908	1.0	N/A
5258908_5258906	1.0	N/A
5258906_5258904	1.0	N/A
5258903_5258901	1.0	N/A
5258901_5258898	1.0	N/A
5258898_5258895	1.0	N/A
5258895_5102165	1.0	N/A
5258894_5102161	1.0	N/A
5258893_5258885	N/A	N/A
5258885_5258880	N/A	N/A
5258880_5258878	1.0	N/A
5258878_5258876	1.0	N/A
5258876_5258873	1.0	N/A
5258873_5102073	1.0	N/A
5102073_5102075	1.0	N/A
5102075_5102078	1.0	N/A
5102078_5102081	1.0	N/A
5102081_5102083	1.0	N/A
5102083_5102085	1.0	N/A
5102085_5102087	1.0	N/A
5102087_5102090	1.0	N/A
5102090_5102093	1.0	N/A
5102093_5102095	1.0	N/A
5102095_5102097	1.0	N/A
5102097_5102099	1.0	N/A
5102099_5102101	1.0	N/A
5102101_5102103	1.0	N/A
5102103_5102105	1.0	N/A
5102105_5102109	N/A	N/A
5102109_5102112	1.0	N/A
5102112_5102114	1.0	N/A
5102114_5102116	1.0	N/A
5102116_5102118	1.0	N/A
5102118_5102120	1.0	N/A
5102120_5102122	1.0	N/A
5102122_5102124	1.0	N/A
5102124_5102127	1.0	N/A
5102127_5102129	1.0	N/A
5102129_5102131	1.0	N/A
5102131_5102134	1.0	N/A
5102134_5102136	1.0	N/A
5102136_5102138	1.0	N/A
5102138_5102141	1.0	N/A
5102141_5102143	1.0	N/A
5102143_5102146	1.0	N/A
5102146_5102149	1.0	N/A
5102149_5102152	1.0	N/A
5102152_5102155	1.0	N/A
5102155_5102158	1.0	N/A
5102158_5102160	1.0	N/A
5102161_5102164	1.0	N/A
5102165_5102167	1.0	N/A
5102167_5102170	1.0	N/A
5102170_5102173	1.0	N/A
5102173_5102175	1.0	N/A
5102175_5102178	1.0	N/A
5102178_5102181	1.0	N/A
5102181_5102184	1.0	N/A
5102184_5102186	1.0	N/A
5102186_5102188	1.0	N/A
5102188_5102191	1.0	N/A
5102191_5102194	1.0	N/A
5102194_5102197	1.0	N/A
5102197_5102200	1.0	N/A
5102200_5102203	1.0	N/A
5102203_5102206	1.0	N/A
5102206_5102209	1.0	N/A
5102209_5102211	1.0	N/A
5102211_5102213	1.0	N/A
5102213_5102216	1.0	N/A
5102216_5102219	1.0	N/A
5102219_5102222	1.0	N/A
5102222_5102225	1.0	N/A
5102225_5102228	1.0	N/A
5102228_5102231	1.0	N/A
5102231_5102234	1.0	N/A
5102234_5102237	1.0	N/A
5102237_5102240	1.0	N/A
5102240_5102246	N/A	N/A
5102246_5102250	1.0	N/A
5102249_5102247	1.0	N/A
5102250_5102253	1.0	N/A
5102253_5102257	N/A	N/A
5102257_5102260	1.0	N/A
5102260_5102262	1.0	N/A
5102262_5102264	1.0	N/A
5102264_5102267	1.0	N/A
5102267_5102270	1.0	N/A
5102270_5102273	1.0	N/A
5102273_5102276	1.0	N/A
5102276_5102279	1.0	N/A
5102279_5102281	1.0	N/A
5102281_5102284	1.0	N/A
5102284_5102287	1.0	N/A
5102287_5102289	1.0	N/A
5102289_5102292	1.0	N/A
5102292_5102295	1.0	N/A
5102295_5102297	1.0	N/A
5102297_5102299	1.0	N/A
5102299_5102302	1.0	N/A
5102302_5102304	1.0	N/A
5102304_5102307	1.0	N/A
5102307_5102310	1.0	N/A
5102310_5102312	1.0	N/A
5102312_5102315	1.0	N/A
5102315_5102317	1.0	N/A
5102317_5102319	1.0	N/A
5102319_5102322	N/A	N/A
5102322_5102325	1.0	N/A
5102325_5102327	1.0	N/A
5102327_5102329	1.0	N/A
5102329_5102332	1.0	N/A
5102332_5102334	1.0	N/A
5102334_5102337	1.0	N/A
5102337_5102340	1.0	N/A
5102340_5102342	1.0	N/A
5102342_5102344	1.0	N/A
5102344_5102347	1.0	N/A
5102347_5102349	1.0	N/A
5102349_5102352	1.0	N/A
5102352_5102354	1.0	N/A
5102354_5102357	1.0	N/A
5102357_5102361	N/A	N/A
5102361_5102363	1.0	N/A
5102363_5102365	1.0	N/A
5102365_5102368	1.0	N/A
5102368_5102370	1.0	N/A
5102370_5102372	1.0	N/A
5102372_5102374	1.0	N/A
5102374_5102376	1.0	N/A
5102376_5102378	1.0	N/A
5102378_5102380	1.0	N/A
5102380_5102382	1.0	N/A
5102382_5102385	1.0	N/A
5102385_5102453	1.0	N/A
5102451_5102448	1.0	N/A
5102448_5102446	1.0	N/A
5102446_5102444	1.0	N/A
5102444_5102441	1.0	N/A
5102441_5102438	1.0	N/A
5102438_5102435	1.0	N/A
5102435_5102432	1.0	N/A
5102431_5102426	1.0	N/A
5102430_5102427	1.0	N/A
5102426_5102423	1.0	N/A
5102423_5102420	1.0	N/A
5102420_5102417	1.0	N/A
5102417_5102414	1.0	N/A
5102414_5102411	1.0	N/A
5102411_5102408	1.0	N/A
5102408_5102405	1.0	N/A
5102405_5102402	1.0	N/A
5102402_5102400	1.0	N/A
5102400_5102397	1.0	N/A
5102397_5102394	1.0	N/A
5102394_5102392	1.0	N/A
5102392_5102387	N/A	N/A
5102453_5102456	1.0	N/A
5102456_5102459	1.0	N/A
5102459_5102462	1.0	N/A
5102462_5102464	1.0	N/A
5102464_5102467	1.0	N/A
5102468_5102470	1.0	N/A
5102470_5102472	1.0	N/A
5102472_5102475	1.0	N/A
5102475_5102478	1.0	N/A
5102478_5102481	1.0	N/A
5102481_5102484	1.0	N/A
5102484_5102487	1.0	N/A
5102487_5102490	1.0	N/A
5102490_5102493	1.0	N/A
5102493_5102531	1.0	N/A
5102530_5102527	1.0	N/A
5102527_5102524	1.0	N/A
5102524_5102521	1.0	N/A
5102521_5102518	1.0	N/A
5102518_5102515	1.0	N/A
5102515_5102512	1.0	N/A
5102512_5102509	1.0	N/A
5102509_5102506	1.0	N/A
5102506_5102504	1.0	N/A
5102504_5102501	1.0	N/A
5102501_5102496	N/A	N/A
5102496_5102494	1.0	N/A
5102532_5102534	1.0	N/A
5102534_5102537	1.0	N/A
5102537_5102540	1.0	N/A
5102540_5102543	1.0	N/A
5102543_5102545	1.0	N/A
5102546_5102548	1.0	N/A
5102548_5102550	1.0	N/A
5102550_5102555	1.0	N/A
5102554_5102551	1.0	N/A
5102555_5102558	1.0	N/A
5102558_5102561	1.0	N/A
5102561_5102563	1.0	N/A
5102563_5102565	1.0	N/A
5102565_5102568	1.0	N/A
5102568_5102571	1.0	N/A
5102571_5102573	1.0	N/A
5102573_5102576	1.0	N/A
5102576_5102579	1.0	N/A
5102579_5102582	1.0	N/A
5102582_5102585	1.0	N/A
5102585_5102587	1.0	N/A
5102587_5102589	1.0	N/A
5102589_5102595	1.0	N/A
5102595_5102599	N/A	N/A
5102599_5102602	1.0	N/A
5102602_5102604	1.0	N/A
5102604_5102610	N/A	N/A
5102609_5102607	1.0	N/A
5102610_5102613	1.0	N/A
5102613_5102616	1.0	N/A
5102616_5102619	1.0	N/A
5102619_5102622	1.0	N/A
5102622_5102625	1.0	N/A
5102625_5102628	1.0	N/A
5102628_5102631	1.0	N/A
5102631_5102634	1.0	N/A
5102634_5102637	1.0	N/A
5102637_5102640	1.0	N/A
5102640_5102642	1.0	N/A
5102642_5102645	1.0	N/A
5102645_5102648	1.0	N/A
5102648_5102652	1.0	N/A
5102651_5102654	1.0	N/A
5102654_5102657	1.0	N/A
5102657_5102660	1.0	N/A
5102660_5102662	1.0	N/A
5102662_5102665	1.0	N/A
5102665_5102667	1.0	N/A
5102667_5102670	1.0	N/A
5102670_5102672	1.0	N/A
5102672_5102674	1.0	N/A
5102674_5102676	1.0	N/A
5102676_5102678	1.0	N/A
5102678_5102681	1.0	N/A
5102681_5102683	1.0	N/A
5102683_5102685	1.0	N/A
5102685_5102688	1.0	N/A
5102688_5102691	1.0	N/A
5102691_5102693	1.0	N/A
5102693_5102696	1.0	N/A
5102696_5102698	1.0	N/A
5102698_5102701	1.0	N/A
5102701_5102704	1.0	N/A
5102704_5102706	1.0	N/A
5102706_5102709	1.0	N/A
5102709_5102712	1.0	N/A
5102712_5102716	N/A	N/A
5102716_5102719	1.0	N/A
5102719_5102724	N/A	N/A
5102724_5102726	1.0	N/A
5102726_5102728	1.0	N/A
5102728_5102731	1.0	N/A
5102731_5102733	1.0	N/A
5102733_5102736	1.0	N/A
5102736_5102739	1.0	N/A
5102739_5102742	1.0	N/A
5102742_5102744	1.0	N/A
5102744_5102746	1.0	N/A
5102746_5102749	1.0	N/A
5102749_5102752	1.0	N/A
5102752_5102754	1.0	N/A
5102754_5102757	1.0	N/A
5102757_5102760	1.0	N/A
5102760_5102763	1.0	N/A
5102763_5102766	1.0	N/A
5102766_5102768	1.0	N/A
5102768_5102770	1.0	N/A
5102770_5102774	N/A	N/A
5102774_5102779	N/A	N/A
5102779_5102783	N/A	N/A
5102783_5102785	1.0	N/A
5102785_5102787	1.0	N/A
5102787_5102789	1.0	N/A
5102789_5102791	1.0	N/A
5102791_5102794	1.0	N/A
5102794_5102798	N/A	N/A
5102798_5102802	N/A	N/A
5102802_5102805	1.0	N/A
5102805_5102807	1.0	N/A
5102807_5102809	1.0	N/A
5102809_5102812	1.0	N/A
5102812_5102815	N/A	N/A
5102815_5102817	1.0	N/A
5102817_5102820	1.0	N/A
5102820_5102823	1.0	N/A
5102823_5102829	N/A	N/A
5102829_5102831	1.0	N/A
5102831_5102834	1.0	N/A
5102834_5102836	1.0	N/A
5102836_5102838	1.0	N/A
5102838_5102841	1.0	N/A
5102841_5102843	1.0	N/A
5102843_5102845	1.0	N/A
5102845_5102847	1.0	N/A
5102847_5102850	N/A	N/A
5102850_5102852	1.0	N/A
5102852_5102854	1.0	N/A
5102854_5102858	N/A	N/A
5102858_5102860	1.0	N/A
5102860_5102863	1.0	N/A
5102863_5102866	N/A	N/A
5102866_5102869	1.0	N/A
5102869_5102872	1.0	N/A
5102872_5102875	1.0	N/A
5102875_5102877	1.0	N/A
5102877_5102880	1.0	N/A
5102880_5102883	1.0	N/A
5102883_5102885	1.0	N/A
5102885_5102888	1.0	N/A
5102888_5102891	1.0	N/A
5102891_5102894	N/A	N/A
5102894_5102896	1.0	N/A
5102896_5102898	1.0	N/A
5102898_5102900	1.0	N/A
5102900_5102902	1.0	N/A
5102902_5102904	1.0	N/A
5102904_5102906	1.0	N/A
5102906_5102908	1.0	N/A
5102908_5102911	1.0	N/A
5102911_5102914	1.0	N/A
5102914_5102916	1.0	N/A
5102916_5102921	N/A	N/A
5102920_5102918	1.0	N/A
5102921_5102923	1.0	N/A
5102923_5102925	1.0	N/A
5102925_5104926	N/A	N/A
5103123_5103118	1.0	N/A
5103118_5103115	1.0	N/A
5103115_5103113	1.0	N/A
5103113_5103111	1.0	N/A
5103111_5103109	1.0	N/A
5103109_5103106	1.0	N/A
5103106_5103104	1.0	N/A
5103104_5103101	1.0	N/A
5103101_5103099	1.0	N/A
5103099_5103096	1.0	N/A
5103096_5103093	1.0	N/A
5103093_5103090	1.0	N/A
5103090_5103087	N/A	N/A
5103087_5103085	1.0	N/A
5103085_5103082	1.0	N/A
5103082_5103079	1.0	N/A
5103079_5103076	1.0	N/A
5103076_5103072	N/A	N/A
5103072_5103069	1.0	N/A
5103069_5103067	1.0	N/A
5103067_5103064	1.0	N/A
5103064_5103061	1.0	N/A
5103061_5103058	1.0	N/A
5103058_5103056	1.0	N/A
5103056_5103053	1.0	N/A
5103053_5103050	1.0	N/A
5103050_5103048	1.0	N/A
5103048_5103045	1.0	N/A
5103045_5103043	1.0	N/A
5103043_5103040	1.0	N/A
5103040_5103037	1.0	N/A
5103037_5103034	N/A	N/A
5103034_5103031	1.0	N/A
5103031_5103029	1.0	N/A
5103029_5103026	1.0	N/A
5103026_5103023	1.0	N/A
5103023_5103020	1.0	N/A
5103020_5103017	1.0	N/A
5103017_5103014	1.0	N/A
5103014_5102999	1.0	N/A
5103013_5103010	1.0	N/A
5103010_5103007	1.0	N/A
5103007_5103003	1.0	N/A
5103003_5103000	1.0	N/A
5102999_5102996	1.0	N/A
5102996_5102993	1.0	N/A
5102993_5102990	1.0	N/A
5102990_5102988	1.0	N/A
5102988_5102985	N/A	N/A
5102985_5102983	1.0	N/A
5102983_5102980	1.0	N/A
5102980_5102977	1.0	N/A
5102977_5102974	1.0	N/A
5102974_5102971	1.0	N/A
5102971_5102968	1.0	N/A
5102968_5102965	1.0	N/A
5102965_5102963	1.0	N/A
5102963_5102960	1.0	N/A
5102960_5102957	1.0	N/A
5102957_5102955	1.0	N/A
5102955_5102952	1.0	N/A
5102952_5102950	1.0	N/A
5102950_5102947	1.0	N/A
5102947_5102944	1.0	N/A
5102944_5102942	1.0	N/A
5102942_5102939	1.0	N/A
5102939_5102936	N/A	N/A
5102936_5102933	1.0	N/A
5103771_5103767	1.0	N/A
5103770_5103768	1.0	N/A
5103767_5103764	1.0	N/A
5103764_5103761	1.0	N/A
5103759_5103757	1.0	N/A
5103757_5103755	1.0	N/A
5103755_5103752	1.0	N/A
5103752_5103749	1.0	N/A
5103749_5103747	1.0	N/A
5103747_5103745	1.0	N/A
5103745_5103740	1.0	N/A
5103744_5103741	1.0	N/A
5103740_5103738	1.0	N/A
5103738_5103736	1.0	N/A
5103736_5103733	1.0	N/A
5103733_5103730	1.0	N/A
5103729_5103726	1.0	N/A
5103726_5103721	1.0	N/A
5103724_5103722	1.0	N/A
5103721_5103719	1.0	N/A
5103719_5103717	1.0	N/A
5103717_5103714	1.0	N/A
5103714_5103712	1.0	N/A
5103712_5103710	1.0	N/A
5103710_5103707	N/A	N/A
5103707_5103704	1.0	N/A
5103704_5103701	1.0	N/A
5103701_5103698	1.0	N/A
5103698_5103695	1.0	N/A
5103695_5103692	1.0	N/A
5103692_5103689	1.0	N/A
5103689_5103687	1.0	N/A
5103685_5103682	N/A	N/A
5103682_5103679	1.0	N/A
5103679_5103676	1.0	N/A
5103676_5103673	1.0	N/A
5103673_5103670	1.0	N/A
5103670_5103667	1.0	N/A
5103667_5103664	1.0	N/A
5103664_5103662	1.0	N/A
5103662_5103659	1.0	N/A
5103659_5103657	1.0	N/A
5103657_5103654	1.0	N/A
5103654_5103651	1.0	N/A
5103651_5103648	1.0	N/A
5103648_5103645	1.0	N/A
5103645_5103643	1.0	N/A
5103643_5103640	1.0	N/A
5103640_5103637	1.0	N/A
5103637_5103635	1.0	N/A
5103635_5103633	1.0	N/A
5104490_5104492	1.0	N/A
5104492_5104495	1.0	N/A
5104495_5104497	1.0	N/A
5104497_5104500	1.0	N/A
5104500_5104503	1.0	N/A
5104503_5104505	1.0	N/A
5104505_5104508	N/A	N/A
5104508_5104511	1.0	N/A
5104511_5104514	1.0	N/A
5104514_5104517	1.0	N/A
5104517_5104520	1.0	N/A
5104520_5104523	1.0	N/A
5104523_5104526	1.0	N/A
5104526_5104529	1.0	N/A
5104529_5104534	N/A	N/A
5104534_5104536	1.0	N/A
5104536_5104538	1.0	N/A
5104538_5104541	1.0	N/A
5104541_5104544	1.0	N/A
5104544_5104546	1.0	N/A
5104546_5104549	1.0	N/A
5104549_5104552	1.0	N/A
5104552_5104554	1.0	N/A
5104554_5104557	1.0	N/A
5104557_5104560	N/A	N/A
5104560_5104562	1.0	N/A
5104562_5104564	1.0	N/A
5104564_5104566	1.0	N/A
5104566_5104569	1.0	N/A
5104569_5104572	1.0	N/A
5104572_5104575	1.0	N/A
5104575_5104577	1.0	N/A
5104577_5104580	1.0	N/A
5104580_5104583	N/A	N/A
5104583_5104586	1.0	N/A
5104586_5104589	1.0	N/A
5104589_5104591	1.0	N/A
5104591_5104593	1.0	N/A
5104593_5104595	1.0	N/A
5104435_5104248	1.0	N/A
5104248_5104245	1.0	N/A
5104245_5104243	1.0	N/A
5104243_5104238	1.0	N/A
5104242_5104239	1.0	N/A
5104238_5104236	1.0	N/A
5104236_5104234	1.0	N/A
5104234_5104232	1.0	N/A
5104232_5104230	1.0	N/A
5104230_5104227	1.0	N/A
5104227_5104224	1.0	N/A
5104224_5104221	1.0	N/A
5104221_5104219	1.0	N/A
5104219_5104216	1.0	N/A
5104216_5104208	1.0	N/A
5104422_5104420	1.0	N/A
5104420_5104418	1.0	N/A
5104418_5104415	1.0	N/A
5104415_5104412	1.0	N/A
5104412_5104409	1.0	N/A
5104409_5104406	1.0	N/A
5103510_5103516	1.0	N/A
5103516_5103518	1.0	N/A
5103518_5103521	1.0	N/A
5103521_5103524	1.0	N/A
5103524_5103526	1.0	N/A
5103526_5103529	1.0	N/A
5103529_5103533	N/A	N/A
5103533_5103541	1.0	N/A
5103540_5103537	N/A	N/A
5103537_5103534	1.0	N/A
5103541_5103544	1.0	N/A
5103544_5103547	1.0	N/A
5103547_5103550	1.0	N/A
5103550_5103553	1.0	N/A
5104925_5104923	1.0	N/A
5104923_5104918	N/A	N/A
5104918_5104915	1.0	N/A
5104915_5104912	1.0	N/A
5104912_5104910	1.0	N/A
5104910_5104908	1.0	N/A
5104908_5104905	1.0	N/A
5104905_5104903	1.0	N/A
5104903_5104901	1.0	N/A
5104901_5104899	1.0	N/A
5104899_5104897	1.0	N/A
5104897_5104895	1.0	N/A
5104895_5104892	1.0	N/A
5104892_5104890	1.0	N/A
5104890_5104887	1.0	N/A
5104887_5104883	1.0	N/A
5104886_5104884	1.0	N/A
5104883_5104881	1.0	N/A
5104881_5104878	1.0	N/A
5104878_5104875	1.0	N/A
5104875_5104872	N/A	N/A
5104872_5104870	1.0	N/A
5104870_5104868	1.0	N/A
5104868_5104865	1.0	N/A
5104865_5104863	1.0	N/A
5104863_5104861	1.0	N/A
5104861_5104859	1.0	N/A
5104859_5104857	1.0	N/A
5104857_5104855	1.0	N/A
5104855_5104853	1.0	N/A
5104853_5104850	1.0	N/A
5104850_5104847	1.0	N/A
5104847_5104845	1.0	N/A
5104845_5104842	1.0	N/A
5104842_5104840	1.0	N/A
5104840_5104837	1.0	N/A
5104837_5104835	1.0	N/A
5104835_5104833	1.0	N/A
5104833_5104831	1.0	N/A
5104831_5104829	1.0	N/A
5104829_5104826	1.0	N/A
5104826_5104823	1.0	N/A
5104823_5104821	1.0	N/A
5104821_5104817	N/A	N/A
5104817_5104814	1.0	N/A
5104814_5104811	1.0	N/A
5104811_5104809	1.0	N/A
5104809_5104806	1.0	N/A
5104806_5104804	1.0	N/A
5104804_5104802	1.0	N/A
5104802_5104799	1.0	N/A
5104799_5104796	1.0	N/A
5104796_5104794	1.0	N/A
5104794_5104791	1.0	N/A
5104791_5104788	1.0	N/A
5104788_5104785	1.0	N/A
5104785_5104782	1.0	N/A
5104782_5104779	1.0	N/A
5104779_5104777	1.0	N/A
5104777_5104771	N/A	N/A
5104771_5104768	1.0	N/A
5104768_5104766	1.0	N/A
5104766_5104763	N/A	N/A
5104763_5104760	1.0	N/A
5104760_5104758	1.0	N/A
5104758_5104755	1.0	N/A
5104755_5104752	1.0	N/A
5104752_5104749	1.0	N/A
5104749_5104746	1.0	N/A
5104746_5104744	1.0	N/A
5104744_5104741	1.0	N/A
5104741_5104739	1.0	N/A
5104739_5104736	1.0	N/A
5104736_5104732	N/A	N/A
5104732_5104727	1.0	N/A
5104731_5104728	1.0	N/A
5104727_5104725	1.0	N/A
5104725_5104722	1.0	N/A
5104722_5104719	N/A	N/A
5104719_5104716	1.0	N/A
5104716_5104714	1.0	N/A
5104714_5104712	1.0	N/A
5104712_5104709	1.0	N/A
5104709_5104707	1.0	N/A
5104707_5104705	1.0	N/A
5104705_5104703	1.0	N/A
5104703_5104700	1.0	N/A
5104207_5104204	1.0	N/A
5104204_5104201	1.0	N/A
5104201_5104198	1.0	N/A
5104198_5104195	1.0	N/A
5104195_5104192	1.0	N/A
5104192_5104189	1.0	N/A
5104189_5104187	1.0	N/A
5104187_5104172	1.0	N/A
5104186_5104183	1.0	N/A
5104183_5104180	1.0	N/A
5104180_5104176	1.0	N/A
5104176_5104173	1.0	N/A
5104172_5104169	1.0	N/A
5104169_5104166	1.0	N/A
5104166_5104163	1.0	N/A
5104163_5104161	1.0	N/A
5104161_5104159	1.0	N/A
5104159_5104156	1.0	N/A
5104156_5104153	1.0	N/A
5104153_5104150	1.0	N/A
5104150_5104147	1.0	N/A
5104147_5104145	1.0	N/A
5104145_5104143	1.0	N/A
5104143_5104141	1.0	N/A
5104141_5104136	N/A	N/A
5104136_5104133	1.0	N/A
5104133_5104130	1.0	N/A
5104130_5104128	1.0	N/A
5104128_5104126	1.0	N/A
5104126_5104124	1.0	N/A
5104124_5104122	1.0	N/A
5104122_5104120	1.0	N/A
5104120_5104118	1.0	N/A
5104118_5104115	1.0	N/A
5104115_5104112	1.0	N/A
5104112_5104109	N/A	N/A
5104107_5104104	1.0	N/A
5104104_5104102	1.0	N/A
5104102_5104100	1.0	N/A
5104100_5104097	N/A	N/A
5104097_5104095	1.0	N/A
5104095_5104093	1.0	N/A
5104093_5104090	1.0	N/A
5104090_5104088	1.0	N/A
5104088_5104086	1.0	N/A
5104086_5104084	1.0	N/A
5104084_5104081	1.0	N/A
5104080_5104078	1.0	N/A
5104078_5104075	1.0	N/A
5104075_5104072	1.0	N/A
5104072_5104069	1.0	N/A
5104069_5104066	1.0	N/A
5104066_5104064	1.0	N/A
5104064_5104061	1.0	N/A
5104061_5104058	1.0	N/A
5104058_5104056	1.0	N/A
5104056_5104053	1.0	N/A
5104053_5104050	1.0	N/A
5104050_5104048	1.0	N/A
5104048_5104046	1.0	N/A
5104046_5104043	1.0	N/A
5104043_5104041	1.0	N/A
5104041_5104039	1.0	N/A
5104039_5104037	1.0	N/A
5104037_5104034	1.0	N/A
5104034_5104031	1.0	N/A
5104031_5104028	1.0	N/A
5104028_5104025	1.0	N/A
5104025_5104022	1.0	N/A
5104022_5104019	1.0	N/A
5104018_5104015	1.0	N/A
5104015_5104012	1.0	N/A
5104012_5104009	1.0	N/A
5104009_5104006	1.0	N/A
5104005_5104003	1.0	N/A
5104003_5104001	1.0	N/A
5104001_5103998	1.0	N/A
5103998_5103996	1.0	N/A
5103996_5103993	1.0	N/A
5103993_5103990	1.0	N/A
5103990_5103988	1.0	N/A
5103988_5103985	1.0	N/A
5103985_5103982	1.0	N/A
5103982_5103979	1.0	N/A
5103979_5103977	1.0	N/A
5103977_5103974	1.0	N/A
5103974_5103972	1.0	N/A
5103972_5103969	1.0	N/A
5103969_5103966	1.0	N/A
5103966_5103963	N/A	N/A
5103963_5103961	1.0	N/A
5103961_5103959	1.0	N/A
5103959_5103956	1.0	N/A
5103956_5103954	1.0	N/A
5103954_5103951	1.0	N/A
5103951_5103949	1.0	N/A
5103949_5103946	1.0	N/A
5103946_5103943	1.0	N/A
5103943_5103940	1.0	N/A
5103940_5103937	1.0	N/A
5103937_5103934	1.0	N/A
5103934_5103932	1.0	N/A
5103932_5103930	1.0	N/A
5103930_5103928	1.0	N/A
5103928_5103923	1.0	N/A
5103927_5103924	1.0	N/A
5103923_5103921	1.0	N/A
5103921_5103918	1.0	N/A
5103918_5103916	1.0	N/A
5103916_5103913	1.0	N/A
5103913_5103910	1.0	N/A
5103910_5103907	1.0	N/A
5103907_5103904	1.0	N/A
5103904_5103901	1.0	N/A
5103901_5103899	1.0	N/A
5103899_5103896	1.0	N/A
5103896_5103893	1.0	N/A
5103893_5103890	1.0	N/A
5103890_5103887	N/A	N/A
5103887_5103884	1.0	N/A
5103884_5103882	1.0	N/A
5103882_5103879	1.0	N/A
5103879_5103877	1.0	N/A
5103877_5103874	1.0	N/A
5103874_5103871	1.0	N/A
5103871_5103868	1.0	N/A
5103868_5103866	1.0	N/A
5103866_5103863	1.0	N/A
5103863_5103860	1.0	N/A
5103860_5103857	1.0	N/A
5103857_5103854	1.0	N/A
5103854_5103851	1.0	N/A
5103851_5103848	1.0	N/A
5103848_5103840	1.0	N/A
5103840_5103837	1.0	N/A
5103837_5103785	1.0	N/A
5103836_5103833	1.0	N/A
5103833_5103830	1.0	N/A
5103830_5103827	1.0	N/A
5103827_5103824	1.0	N/A
5103824_5103821	1.0	N/A
5103821_5103818	1.0	N/A
5103818_5103816	1.0	N/A
5103816_5103814	1.0	N/A
5103814_5103811	1.0	N/A
5103811_5103808	1.0	N/A
5103808_5103805	N/A	N/A
5103805_5103802	1.0	N/A
5103802_5103800	1.0	N/A
5103800_5103797	1.0	N/A
5103797_5103795	1.0	N/A
5103795_5103792	1.0	N/A
5103792_5103789	1.0	N/A
5103789_5103786	1.0	N/A
5103785_5103782	1.0	N/A
5103782_5103779	1.0	N/A
5103779_5103776	1.0	N/A
5103776_5103773	1.0	N/A
5103559_5103561	1.0	N/A
5103561_5103564	1.0	N/A
5103564_5103567	1.0	N/A
5103567_5103570	1.0	N/A
5103571_5103574	1.0	N/A
5103574_5103577	1.0	N/A
5103577_5103579	1.0	N/A
5103579_5103581	1.0	N/A
5103581_5103584	1.0	N/A
5103586_5103589	1.0	N/A
5103589_5103592	1.0	N/A
5103592_5103595	1.0	N/A
5103595_5103598	1.0	N/A
5103598_5103600	1.0	N/A
5103600_5103603	1.0	N/A
5103605_5103608	1.0	N/A
5103610_5103612	1.0	N/A
5103612_5103615	1.0	N/A
5103615_5103618	1.0	N/A
5103618_5103620	1.0	N/A
5103620_5103622	1.0	N/A
5103625_5103627	1.0	N/A
5103627_5103630	1.0	N/A
5104261_5104258	1.0	N/A
5104258_5104256	1.0	N/A
5104256_5104253	1.0	N/A
5104253_5104251	1.0	N/A
5104251_5104213	1.0	N/A
5104213_5104211	1.0	N/A
5104661_5104663	1.0	N/A
5104663_5104666	1.0	N/A
5104666_5104668	1.0	N/A
5104668_5104670	1.0	N/A
5104670_5104672	1.0	N/A
5104672_5104674	1.0	N/A
5104674_5104676	1.0	N/A
5104676_5104678	1.0	N/A
5104678_5104680	1.0	N/A
5104680_5104682	1.0	N/A
5104682_5104684	1.0	N/A
5104684_5104686	1.0	N/A
5104686_5104688	1.0	N/A
5104688_5104690	1.0	N/A
5104690_5104692	1.0	N/A
5104692_5104694	1.0	N/A
5104694_5104696	1.0	N/A
5104437_5104440	1.0	N/A
5104440_5104470	1.0	N/A
5104469_5104466	1.0	N/A
5104466_5104463	1.0	N/A
5104463_5104460	1.0	N/A
5104460_5104457	1.0	N/A
5104457_5104454	1.0	N/A
5104454_5104451	1.0	N/A
5104451_5104448	1.0	N/A
5104448_5104445	1.0	N/A
5104445_5104441	1.0	N/A
5104470_5104474	1.0	N/A
5104473_5104471	1.0	N/A
5104474_5104477	1.0	N/A
5104477_5104480	1.0	N/A
5104480_5104483	1.0	N/A
5104483_5104486	1.0	N/A
5104486_5104489	1.0	N/A
5103508_5103505	1.0	N/A
5103505_5103503	1.0	N/A
5103503_5103501	1.0	N/A
5103501_5103498	1.0	N/A
5103498_5103496	1.0	N/A
5103496_5103493	N/A	N/A
5103493_5103490	1.0	N/A
5103490_5103487	1.0	N/A
5103487_5103484	1.0	N/A
5103484_5103479	1.0	N/A
5103482_5103480	1.0	N/A
5103478_5103476	1.0	N/A
5103476_5103473	1.0	N/A
5103473_5103470	1.0	N/A
5103470_5103467	1.0	N/A
5103467_5103464	1.0	N/A
5103464_5103461	1.0	N/A
5103461_5103458	1.0	N/A
5103458_5103455	1.0	N/A
5103455_5103452	1.0	N/A
5103452_5103443	N/A	N/A
5103444_5103446	1.0	N/A
5103446_5103449	1.0	N/A
5103443_5103440	1.0	N/A
5103440_5103430	1.0	N/A
5103439_5103437	1.0	N/A
5103437_5103435	1.0	N/A
5103435_5103433	1.0	N/A
5103433_5103431	1.0	N/A
5103430_5103428	1.0	N/A
5103428_5103425	1.0	N/A
5103425_5103422	1.0	N/A
5103422_5103419	N/A	N/A
5103419_5103416	1.0	N/A
5103416_5103413	1.0	N/A
5103413_5103411	1.0	N/A
5103411_5103408	1.0	N/A
5103408_5103405	1.0	N/A
5103405_5103402	1.0	N/A
5103402_5103399	1.0	N/A
5103399_5103396	1.0	N/A
5103396_5103393	1.0	N/A
5103393_5103390	1.0	N/A
5103390_5103336	1.0	N/A
5103389_5103376	1.0	N/A
5103388_5103385	1.0	N/A
5103385_5103383	1.0	N/A
5103383_5103379	1.0	N/A
5103379_5103377	1.0	N/A
5103376_5103373	1.0	N/A
5103373_5103370	1.0	N/A
5103370_5103367	1.0	N/A
5103367_5103365	1.0	N/A
5103365_5103362	1.0	N/A
5103362_5103360	1.0	N/A
5103360_5103357	1.0	N/A
5103357_5103354	1.0	N/A
5103354_5103351	1.0	N/A
5103351_5103348	1.0	N/A
5103348_5103343	N/A	N/A
5103343_5103340	1.0	N/A
5103340_5103337	1.0	N/A
5103336_5103333	1.0	N/A
5103333_5103331	1.0	N/A
5103331_5103329	1.0	N/A
5103329_5103326	1.0	N/A
5103326_5103323	1.0	N/A
5103323_5103321	1.0	N/A
5103321_5103318	1.0	N/A
5103318_5103316	1.0	N/A
5103316_5103314	1.0	N/A
5103314_5103311	1.0	N/A
5103311_5103309	1.0	N/A
5103309_5103306	1.0	N/A
5103306_5103303	1.0	N/A
5103303_5103300	1.0	N/A
5103300_5103297	1.0	N/A
5103297_5103294	1.0	N/A
5103294_5103292	1.0	N/A
5103292_5103289	1.0	N/A
5103289_5103286	1.0	N/A
5103286_5103281	N/A	N/A
5103281_5103278	1.0	N/A
5103278_5103275	1.0	N/A
5103275_5103272	1.0	N/A
5103272_5103270	1.0	N/A
5103270_5103265	N/A	N/A
5103265_5103262	1.0	N/A
5103262_5103260	1.0	N/A
5103260_5103258	1.0	N/A
5103258_5103255	1.0	N/A
5103255_5103252	1.0	N/A
5103252_5103250	1.0	N/A
5103250_5103248	1.0	N/A
5103248_5103245	1.0	N/A
5103245_5103242	1.0	N/A
5103242_5103240	1.0	N/A
5103240_5103237	1.0	N/A
5103237_5103234	1.0	N/A
5103234_5103231	1.0	N/A
5103231_5103229	1.0	N/A
5103229_5103226	1.0	N/A
5104263_5104266	1.0	N/A
5104266_5104269	1.0	N/A
5104269_5104271	1.0	N/A
5104285_5104287	1.0	N/A
5104287_5104290	1.0	N/A
5104290_5104293	1.0	N/A
5104295_5104297	1.0	N/A
5104297_5104299	1.0	N/A
5104299_5104302	1.0	N/A
5104304_5104307	1.0	N/A
5104307_5104309	1.0	N/A
5104309_5104312	1.0	N/A
5104314_5104316	1.0	N/A
5104318_5104321	1.0	N/A
5104321_5104324	1.0	N/A
5104326_5104331	N/A	N/A
5104331_5104334	1.0	N/A
5104334_5104337	1.0	N/A
5104337_5104340	1.0	N/A
5104340_5104342	1.0	N/A
5104342_5104345	1.0	N/A
5104345_5104347	1.0	N/A
5104347_5104350	1.0	N/A
5104350_5104353	1.0	N/A
5104353_5104356	1.0	N/A
5104356_5104365	1.0	N/A
5104364_5104361	1.0	N/A
5104361_5104358	1.0	N/A
5104366_5104368	1.0	N/A
5104368_5104371	1.0	N/A
5104371_5104374	1.0	N/A
5104374_5104377	1.0	N/A
5104377_5104380	1.0	N/A
5104380_5104383	1.0	N/A
5104383_5104386	1.0	N/A
5104386_5104388	1.0	N/A
5104388_5104391	1.0	N/A
5104391_5104393	1.0	N/A
5104393_5104396	1.0	N/A
5104396_5104398	1.0	N/A
5104398_5104401	1.0	N/A
5104401_5104404	1.0	N/A
5104600_5104647	N/A	N/A
5104634_5104637	1.0	N/A
5104637_5104640	1.0	N/A
5104640_5104642	1.0	N/A
5104642_5104645	1.0	N/A
5104632_5104629	1.0	N/A
5104613_5104611	1.0	N/A
5104611_5104609	1.0	N/A
5104609_5104607	1.0	N/A
5104607_5104603	N/A	N/A
5104603_5104601	1.0	N/A
5104614_5104617	1.0	N/A
5104617_5104620	1.0	N/A
5104620_5104623	1.0	N/A
5104623_5104626	1.0	N/A
5104647_5104649	1.0	N/A
5104649_5104652	1.0	N/A
5103223_5103220	1.0	N/A
5103220_5103217	1.0	N/A
5103217_5103214	1.0	N/A
5103214_5103211	1.0	N/A
5103211_5103209	1.0	N/A
5103209_5103195	1.0	N/A
5103208_5103205	1.0	N/A
5103205_5103202	1.0	N/A
5103202_5103200	1.0	N/A
5103200_5103197	1.0	N/A
5103195_5103192	1.0	N/A
5103192_5103189	1.0	N/A
5103189_5103186	1.0	N/A
5103186_5103183	N/A	N/A
5103183_5103181	1.0	N/A
5103181_5103178	1.0	N/A
5103178_5103175	1.0	N/A
5103175_5103172	1.0	N/A
5103172_5103169	1.0	N/A
5103169_5103166	1.0	N/A
5103166_5103163	1.0	N/A
5103163_5103160	1.0	N/A
5103160_5103157	1.0	N/A
5103157_5103154	1.0	N/A
5103154_5103151	1.0	N/A
5103151_5103148	1.0	N/A
5103148_5103146	1.0	N/A
5103146_5103143	1.0	N/A
5103143_5103140	1.0	N/A
5103140_5103137	1.0	N/A
5103137_5103127	1.0	N/A
5104926_5104929	1.0	N/A
5104929_5104932	1.0	N/A
5104932_5104934	1.0	N/A
5104934_5104943	1.0	N/A
5104942_5104940	1.0	N/A
5104940_5104937	1.0	N/A
5104937_5104935	1.0	N/A
5104944_5104947	1.0	N/A
5104947_5104950	1.0	N/A
5104950_5104952	1.0	N/A
5104952_5104955	1.0	N/A
5104955_5104958	1.0	N/A
5104958_5104961	1.0	N/A
5104961_5104963	1.0	N/A
5104963_5104966	1.0	N/A
5104966_5104969	N/A	N/A
5104969_5104972	1.0	N/A
5104972_5104975	1.0	N/A
5104975_5104978	1.0	N/A
5104978_5104980	1.0	N/A
5104980_5104983	1.0	N/A
5104983_5104987	1.0	N/A
5104986_5104984	1.0	N/A
5104987_5104990	N/A	N/A
5104990_5104993	1.0	N/A
5104993_5104995	1.0	N/A
5104995_5104998	1.0	N/A
5104998_5105000	1.0	N/A
5105000_5105002	1.0	N/A
5105002_5105004	1.0	N/A
5105004_5105006	1.0	N/A
5105006_5105009	1.0	N/A
5105009_5105012	N/A	N/A
5105012_5105014	1.0	N/A
5105014_5105019	N/A	N/A
5105019_5105022	1.0	N/A
5105022_5105024	1.0	N/A
5105024_5105027	1.0	N/A
5105027_5105030	1.0	N/A
5105030_5105032	1.0	N/A
5105032_5105035	1.0	N/A
5105035_5105038	1.0	N/A
5105038_5105040	1.0	N/A
5105040_5105042	1.0	N/A
5105042_5105045	1.0	N/A
5105045_5105048	1.0	N/A
5105048_5105050	1.0	N/A
5105050_5105052	1.0	N/A
5105052_5105054	1.0	N/A
5105054_5105057	1.0	N/A
5105057_5105060	1.0	N/A
5105060_5105062	1.0	N/A
5105062_5105065	1.0	N/A
5105065_5105068	N/A	N/A
5105068_5105070	1.0	N/A
5105070_5105072	1.0	N/A
5105072_5105074	1.0	N/A
5105074_5105077	1.0	N/A
5105077_5105080	1.0	N/A
5105080_5105083	1.0	N/A
5105083_5105086	1.0	N/A
5105086_5105089	1.0	N/A
5105089_5105092	1.0	N/A
5105092_5105095	1.0	N/A
5105095_5105098	1.0	N/A
5105098_5105101	1.0	N/A
5105101_5105104	1.0	N/A
5105104_5105106	1.0	N/A
5105106_5105113	1.0	N/A
5105112_5105110	1.0	N/A
5105110_5105107	1.0	N/A
5105113_5105116	1.0	N/A
5105116_5105119	1.0	N/A
5105119_5105121	1.0	N/A
5105121_5105123	1.0	N/A
5105123_5105125	1.0	N/A
5105125_5105127	1.0	N/A
5105127_5105130	1.0	N/A
5105130_5105133	1.0	N/A
5105133_5105136	1.0	N/A
5105136_5105139	1.0	N/A
5105139_5105141	1.0	N/A
5105141_5105146	1.0	N/A
5105145_5105142	1.0	N/A
5105146_5105148	1.0	N/A
5105148_5105150	1.0	N/A
5105150_5105153	1.0	N/A
5105153_5105156	1.0	N/A
5105156_5105159	1.0	N/A
5105159_5105162	1.0	N/A
5105162_5105164	1.0	N/A
5105164_5105166	1.0	N/A
5105167_5105660	N/A	N/A
5105388_5105385	1.0	N/A
5105385_5105379	1.0	N/A
5105379_5105376	1.0	N/A
5105377_5105373	1.0	N/A
5105374_5105366	1.0	N/A
5105370_5105364	1.0	N/A
5105640_5105643	1.0	N/A
5105643_5105646	1.0	N/A
5105646_5105649	1.0	N/A
5105649_5105652	1.0	N/A
5105652_5105655	1.0	N/A
5105655_5105659	1.0	N/A
5105524_5105526	1.0	N/A
5105526_5105529	1.0	N/A
5105529_5105532	1.0	N/A
5105532_5105534	1.0	N/A
5105534_5105537	1.0	N/A
5105537_5105540	1.0	N/A
5105540_5105543	1.0	N/A
5105543_5105545	1.0	N/A
5105545_5105548	1.0	N/A
5105548_5105551	1.0	N/A
5105551_5105554	N/A	N/A
5105554_5105559	N/A	N/A
5105559_5105562	1.0	N/A
5105562_5105565	1.0	N/A
5105565_5105568	1.0	N/A
5105568_5105573	N/A	N/A
5105573_5105576	1.0	N/A
5105576_5105579	1.0	N/A
5105579_5105581	1.0	N/A
5105581_5105584	1.0	N/A
5105584_5105587	N/A	N/A
5105587_5105590	1.0	N/A
5105590_5105592	1.0	N/A
5105592_5105595	1.0	N/A
5105595_5105598	1.0	N/A
5105598_5105601	1.0	N/A
5105601_5105604	1.0	N/A
5105604_5105606	1.0	N/A
5105606_5105609	1.0	N/A
5105609_5105611	1.0	N/A
5105611_5105615	1.0	N/A
5105614_5105612	1.0	N/A
5105615_5105617	1.0	N/A
5105617_5105620	1.0	N/A
5105620_5105622	1.0	N/A
5105360_5105390	1.0	N/A
5105390_5105514	1.0	N/A
5105514_5105518	1.0	N/A
5105517_5105521	1.0	N/A
5105507_5105510	1.0	N/A
5105510_5105512	1.0	N/A
5105632_5105629	1.0	N/A
5105629_5105627	1.0	N/A
5105627_5105624	1.0	N/A
5105168_5105171	1.0	N/A
5105171_5105173	1.0	N/A
5105173_5105176	1.0	N/A
5105176_5105179	1.0	N/A
5105179_5105181	1.0	N/A
5105181_5105195	1.0	N/A
5105194_5105191	1.0	N/A
5105191_5105188	1.0	N/A
5105188_5105185	1.0	N/A
5105185_5105182	1.0	N/A
5105196_5105199	1.0	N/A
5105199_5105202	1.0	N/A
5105202_5105205	1.0	N/A
5105205_5105207	1.0	N/A
5105207_5105209	1.0	N/A
5105209_5105212	1.0	N/A
5105212_5105215	1.0	N/A
5105215_5105218	1.0	N/A
5105218_5105221	1.0	N/A
5105221_5105223	1.0	N/A
5105223_5105226	N/A	N/A
5105226_5105229	1.0	N/A
5105229_5105231	1.0	N/A
5105231_5105235	N/A	N/A
5105235_5105238	N/A	N/A
5105238_5105241	1.0	N/A
5105241_5105243	1.0	N/A
5105243_5105245	1.0	N/A
5105245_5105248	1.0	N/A
5105248_5105251	1.0	N/A
5105251_5105254	1.0	N/A
5105254_5105259	N/A	N/A
5105259_5105261	1.0	N/A
5105261_5105264	1.0	N/A
5105264_5105267	1.0	N/A
5105267_5105269	1.0	N/A
5105269_5105272	1.0	N/A
5105272_5105274	1.0	N/A
5105274_5105277	1.0	N/A
5105277_5105280	N/A	N/A
5105280_5105283	1.0	N/A
5105283_5105285	1.0	N/A
5105285_5105288	1.0	N/A
5105288_5105291	1.0	N/A
5105291_5105293	1.0	N/A
5105293_5105296	1.0	N/A
5105296_5105299	1.0	N/A
5105299_5105302	1.0	N/A
5105302_5105305	1.0	N/A
5105305_5105307	1.0	N/A
5105307_5105310	1.0	N/A
5105310_5105313	1.0	N/A
5105313_5105315	1.0	N/A
5105315_5105317	1.0	N/A
5105317_5105320	1.0	N/A
5105320_5105323	1.0	N/A
5105323_5105325	1.0	N/A
5105325_5105328	N/A	N/A
5105328_5105331	1.0	N/A
5105331_5105334	1.0	N/A
5105334_5105336	1.0	N/A
5105336_5105339	1.0	N/A
5105339_5105342	1.0	N/A
5105342_5105345	1.0	N/A
5105345_5105348	1.0	N/A
5105348_5105353	N/A	N/A
5105353_5105356	1.0	N/A
5105506_5105503	1.0	N/A
5105503_5105500	1.0	N/A
5105500_5105498	1.0	N/A
5105498_5105495	1.0	N/A
5105495_5105493	1.0	N/A
5105493_5105490	1.0	N/A
5105490_5105487	N/A	N/A
5105487_5105485	1.0	N/A
5105485_5105482	1.0	N/A
5105482_5105479	1.0	N/A
5105479_5105476	1.0	N/A
5105476_5105473	1.0	N/A
5105473_5105471	1.0	N/A
5105471_5105468	1.0	N/A
5105468_5105465	1.0	N/A
5105465_5105463	1.0	N/A
5105463_5105460	1.0	N/A
5105460_5105458	1.0	N/A
5105458_5105455	1.0	N/A
5105455_5105452	1.0	N/A
5105452_5105450	1.0	N/A
5105450_5105447	1.0	N/A
5105447_5105444	1.0	N/A
5105444_5105442	1.0	N/A
5105442_5105439	1.0	N/A
5105439_5105434	N/A	N/A
5105434_5105431	1.0	N/A
5105431_5105428	1.0	N/A
5105428_5105425	1.0	N/A
5105425_5105421	N/A	N/A
5105421_5105418	1.0	N/A
5105418_5105415	1.0	N/A
5105415_5105412	1.0	N/A
5105412_5105410	1.0	N/A
5105410_5105407	1.0	N/A
5105407_5105405	1.0	N/A
5105405_5105400	1.0	N/A
5105404_5105401	1.0	N/A
5105400_5105396	N/A	N/A
5105396_5105393	1.0	N/A
5105393_5105362	1.0	N/A
5105660_5105663	1.0	N/A
5105663_5105671	N/A	N/A
5105671_5105694	N/A	N/A
5105673_5105676	1.0	N/A
5105676_5105679	1.0	N/A
5105679_5105682	1.0	N/A
5105682_5105684	1.0	N/A
5105684_5105687	1.0	N/A
5105687_5105689	1.0	N/A
5105689_5105691	1.0	N/A
5105694_5105704	1.0	N/A
5105704_5105706	1.0	N/A
5105706_5105709	1.0	N/A
5105709_5105712	1.0	N/A
5105712_5105714	1.0	N/A
5105714_5105716	1.0	N/A
5105716_5105719	1.0	N/A
5105719_5105722	1.0	N/A
5105722_5105724	1.0	N/A
5105724_5105727	1.0	N/A
5105727_5105729	1.0	N/A
5105729_5105732	1.0	N/A
5105732_5105734	1.0	N/A
5105734_5105737	1.0	N/A
5105737_5105743	N/A	N/A
5105743_5105749	N/A	N/A
5105749_5105752	1.0	N/A
5105752_5105754	1.0	N/A
5105754_5105756	1.0	N/A
5105756_5105759	1.0	N/A
5105759_5105762	1.0	N/A
5105762_5105764	1.0	N/A
5105764_5105767	1.0	N/A
5105767_5105770	1.0	N/A
5105770_5105772	1.0	N/A
5105772_5105775	1.0	N/A
5105775_5105777	1.0	N/A
5105777_5105780	1.0	N/A
5105780_5105783	1.0	N/A
5105783_5105786	1.0	N/A
5105786_5105788	1.0	N/A
5105788_5105792	N/A	N/A
5105792_5105795	1.0	N/A
5105795_5105798	1.0	N/A
5105798_5105803	1.0	N/A
5105802_5105799	1.0	N/A
5105803_5105808	N/A	N/A
5105808_5105810	1.0	N/A
5105810_5105813	1.0	N/A
5105813_5105815	1.0	N/A
5105815_5105818	1.0	N/A
5105818_5105821	1.0	N/A
5105821_5105824	1.0	N/A
5105824_5105826	1.0	N/A
5105826_5105828	1.0	N/A
5105828_5105831	1.0	N/A
5105831_5105833	1.0	N/A
5105833_5105836	1.0	N/A
5105836_5105838	1.0	N/A
5105838_5105840	1.0	N/A
5105840_5105843	1.0	N/A
5105843_5105846	1.0	N/A
5105846_5105848	1.0	N/A
5105848_5105851	1.0	N/A
5105851_5105854	1.0	N/A
5105854_5105857	1.0	N/A
5105857_5105860	1.0	N/A
5105860_5105863	1.0	N/A
5105863_5105866	1.0	N/A
5105866_5105869	N/A	N/A
5105869_5105871	1.0	N/A
5105871_5105874	1.0	N/A
5105874_5105877	1.0	N/A
5105877_5105880	1.0	N/A
5105880_5105883	1.0	N/A
5105883_5105885	1.0	N/A
5105885_5105888	1.0	N/A
5105888_5105893	1.0	N/A
5105892_5105889	1.0	N/A
5105893_5105896	N/A	N/A
5105896_5105899	1.0	N/A
5105899_5105902	1.0	N/A
5105902_5105905	1.0	N/A
5105905_5105907	1.0	N/A
5105907_5105910	1.0	N/A
5105910_5105913	1.0	N/A
5105913_5105916	1.0	N/A
5105916_5105919	1.0	N/A
5105919_5105924	N/A	N/A
5105924_5105927	1.0	N/A
5105927_5105930	1.0	N/A
5105930_5105933	N/A	N/A
5105933_5105936	N/A	N/A
5105936_5105940	N/A	N/A
5105940_5105943	1.0	N/A
5105943_5105945	1.0	N/A
5105945_5105948	1.0	N/A
5105948_5105951	1.0	N/A
5105951_5105954	1.0	N/A
5105954_5105957	1.0	N/A
5105957_5105960	1.0	N/A
5105960_5105963	1.0	N/A
5105963_5106094	N/A	N/A
5106082_5106080	1.0	N/A
5106080_5106077	1.0	N/A
5106077_5106074	1.0	N/A
5105965_5105967	1.0	N/A
5105972_5106068	1.0	N/A
5106068_5106070	1.0	N/A
5106070_5106072	1.0	N/A
5105970_5105974	1.0	N/A
5105974_5105977	1.0	N/A
5105977_5105980	1.0	N/A
5105980_5105983	1.0	N/A
5105983_5105986	1.0	N/A
5105986_5105989	1.0	N/A
5105989_5105991	1.0	N/A
5105991_5105994	1.0	N/A
5105994_5105996	1.0	N/A
5105996_5105998	1.0	N/A
5105998_5106001	1.0	N/A
5106001_5106004	1.0	N/A
5106004_5106007	1.0	N/A
5106007_5106009	1.0	N/A
5106009_5106012	1.0	N/A
5106012_5106018	N/A	N/A
5106018_5106020	1.0	N/A
5106020_5106023	1.0	N/A
5106023_5106025	1.0	N/A
5106025_5106029	1.0	N/A
5106028_5106032	1.0	N/A
5106032_5106035	1.0	N/A
5106035_5106041	1.0	N/A
5106041_5106044	1.0	N/A
5106044_5106046	1.0	N/A
5106046_5106049	N/A	N/A
5106049_5106053	1.0	N/A
5106052_5106056	1.0	N/A
5106056_5106059	1.0	N/A
5106059_5106061	1.0	N/A
5106061_5106066	N/A	N/A
5106094_5106096	1.0	N/A
5106096_5106099	1.0	N/A
5106099_5106101	1.0	N/A
5106101_5106103	1.0	N/A
5106103_5106106	1.0	N/A
5106106_5106109	1.0	N/A
5106109_5106111	1.0	N/A
5106111_5106113	1.0	N/A
5106113_5106115	1.0	N/A
5106115_5106117	1.0	N/A
5106118_5106177	N/A	N/A
5106176_5106174	1.0	N/A
5106174_5106171	1.0	N/A
5106171_5106168	1.0	N/A
5106168_5106165	1.0	N/A
5106165_5106163	1.0	N/A
5106163_5106161	1.0	N/A
5106161_5106159	1.0	N/A
5106159_5106157	1.0	N/A
5106157_5106154	1.0	N/A
5106154_5106151	1.0	N/A
5106151_5106149	1.0	N/A
5106149_5106146	1.0	N/A
5106146_5106143	1.0	N/A
5106143_5106140	1.0	N/A
5106140_5106137	1.0	N/A
5106137_5106134	1.0	N/A
5106134_5106131	1.0	N/A
5106131_5106128	1.0	N/A
5106122_5106119	1.0	N/A
5106177_5106180	1.0	N/A
5106180_5106183	N/A	N/A
5106183_5106186	1.0	N/A
5106186_5106188	1.0	N/A
5106188_5106191	1.0	N/A
5106191_5106194	1.0	N/A
5106194_5106197	1.0	N/A
5106197_5106200	1.0	N/A
5106200_5106202	1.0	N/A
5106202_5106205	1.0	N/A
5106205_5106208	1.0	N/A
5106208_5106211	1.0	N/A
5106211_5106214	1.0	N/A
5106214_5106217	N/A	N/A
5106217_5106220	1.0	N/A
5106220_5106223	1.0	N/A
5106223_5106226	1.0	N/A
5106226_5106229	1.0	N/A
5106229_5106232	1.0	N/A
5106232_5106235	N/A	N/A
5106235_5106238	1.0	N/A
5106238_5106241	N/A	N/A
5106241_5106244	1.0	N/A
5106244_5106247	1.0	N/A
5106247_5106251	N/A	N/A
5106251_5106253	1.0	N/A
5106253_5106255	1.0	N/A
5106255_5106258	1.0	N/A
5106258_5106262	N/A	N/A
5106262_5106265	1.0	N/A
5106265_5106269	N/A	N/A
5106270_5106272	1.0	N/A
5106272_5106275	N/A	N/A
5106275_5106278	1.0	N/A
5106278_5106281	1.0	N/A
5106281_5106284	1.0	N/A
5106285_5106287	1.0	N/A
5106287_5106290	N/A	N/A
5106290_5106292	1.0	N/A
5106292_5106294	1.0	N/A
5106294_5106297	1.0	N/A
5106297_5106299	1.0	N/A
5106299_5106302	1.0	N/A
5106302_5106304	1.0	N/A
5106304_5106307	1.0	N/A
5106307_5106309	1.0	N/A
5106309_5106311	1.0	N/A
5106311_5106313	1.0	N/A
5106313_5106315	1.0	N/A
5106315_5106317	1.0	N/A
5106317_5106320	1.0	N/A
5106320_5106323	1.0	N/A
5106323_5106325	1.0	N/A
5106325_5106327	1.0	N/A
5106327_5106329	1.0	N/A
5106329_5106331	1.0	N/A
5106331_5106334	1.0	N/A
5106334_5106336	1.0	N/A
5106336_5106338	1.0	N/A
5106338_5106341	1.0	N/A
5106341_5106344	1.0	N/A
5106344_5106348	N/A	N/A
5106348_5106350	1.0	N/A
5106350_5106352	1.0	N/A
5106352_5106355	1.0	N/A
5106355_5106358	1.0	N/A
5106358_5106361	1.0	N/A
5106361_5106363	1.0	N/A
5106363_5106366	1.0	N/A
5106366_5106370	N/A	N/A
5106370_5106373	1.0	N/A
5106373_5106376	1.0	N/A
5106376_5106378	1.0	N/A
5106378_5106381	1.0	N/A
5106381_5106384	1.0	N/A
5106384_5106386	1.0	N/A
5106386_5106389	1.0	N/A
5106389_5106391	1.0	N/A
5106391_5106393	1.0	N/A
5106393_5106395	1.0	N/A
5106395_5106397	1.0	N/A
5106397_5106399	1.0	N/A
5106399_5106401	1.0	N/A
5106401_5106404	N/A	N/A
5106404_5106406	1.0	N/A
5106406_5106408	1.0	N/A
5106408_5106410	1.0	N/A
5106410_5106412	1.0	N/A
5106412_5106414	1.0	N/A
5106414_5106417	1.0	N/A
5106417_5106419	1.0	N/A
5106420_5106423	1.0	N/A
5106423_5106426	1.0	N/A
5106426_5106429	1.0	N/A
5106429_5106431	1.0	N/A
5106431_5106433	1.0	N/A
5106433_5106436	1.0	N/A
5106436_5106438	1.0	N/A
5106438_5106441	1.0	N/A
5106441_5106444	1.0	N/A
5106444_5106446	1.0	N/A
5106446_5106449	1.0	N/A
5106449_5106452	1.0	N/A
5106452_5106455	1.0	N/A
5106455_5106458	1.0	N/A
5106458_5106460	1.0	N/A
5106460_5106466	1.0	N/A
5106461_5106464	1.0	N/A
5106466_5106469	1.0	N/A
5106469_5106472	1.0	N/A
5106472_5106475	1.0	N/A
5106475_5106477	1.0	N/A
5106477_5106567	1.0	N/A
5106566_5106564	1.0	N/A
5106564_5106478	N/A	N/A
5106562_5106558	N/A	N/A
5106558_5106555	1.0	N/A
5106555_5106552	1.0	N/A
5106552_5106549	1.0	N/A
5106549_5106547	1.0	N/A
5106547_5106545	1.0	N/A
5106545_5106542	1.0	N/A
5106542_5106539	1.0	N/A
5106539_5106536	1.0	N/A
5106536_5106534	1.0	N/A
5106534_5106532	1.0	N/A
5106532_5106530	1.0	N/A
5106530_5106528	1.0	N/A
5106528_5106526	1.0	N/A
5106526_5106524	1.0	N/A
5106524_5106521	1.0	N/A
5106521_5106518	1.0	N/A
5106518_5106515	1.0	N/A
5106515_5106512	1.0	N/A
5106512_5106509	1.0	N/A
5106509_5106507	1.0	N/A
5106507_5106505	1.0	N/A
5106505_5106502	1.0	N/A
5106502_5106500	1.0	N/A
5106500_5106498	1.0	N/A
5106498_5106495	1.0	N/A
5106495_5106492	1.0	N/A
5106492_5106490	1.0	N/A
5106490_5106488	1.0	N/A
5106488_5106486	1.0	N/A
5106486_5106484	1.0	N/A
5106484_5106481	1.0	N/A
5106568_5106571	1.0	N/A
5106571_5106574	1.0	N/A
5106574_5106578	N/A	N/A
5106578_5106580	1.0	N/A
5106580_5106582	1.0	N/A
5106582_5106584	1.0	N/A
5106584_5106586	1.0	N/A
5106586_5106588	1.0	N/A
5106588_5106590	1.0	N/A
5106590_5106592	1.0	N/A
5106592_5106595	1.0	N/A
5106595_5106597	1.0	N/A
5106597_5106599	1.0	N/A
5106599_5106602	1.0	N/A
5106602_5106605	1.0	N/A
5106605_5106607	1.0	N/A
5106607_5106610	1.0	N/A
5106610_5106612	1.0	N/A
5106612_5106615	1.0	N/A
5106615_5106618	1.0	N/A
5106618_5106620	1.0	N/A
5106620_5106623	1.0	N/A
5106623_5106625	1.0	N/A
5106625_5106628	1.0	N/A
5106628_5106630	1.0	N/A
5106630_5106633	1.0	N/A
5106633_5106636	1.0	N/A
5106636_5106638	1.0	N/A
5106638_5106641	1.0	N/A
5106641_5106643	1.0	N/A
5106643_5106645	1.0	N/A
5106645_5106647	1.0	N/A
5106647_5106650	1.0	N/A
5106650_5106653	1.0	N/A
5106653_5106656	1.0	N/A
5106656_5106659	N/A	N/A
5106659_5106662	1.0	N/A
5106662_5106665	1.0	N/A
5106665_5106668	1.0	N/A
5106668_5106670	1.0	N/A
5106670_5106673	1.0	N/A
5106673_5106676	1.0	N/A
5106676_5106679	1.0	N/A
5106679_5106681	1.0	N/A
5106681_5106684	1.0	N/A
5106684_5106686	1.0	N/A
5106686_5106688	1.0	N/A
5106688_5106690	1.0	N/A
5106690_5106692	1.0	N/A
5106692_5106694	1.0	N/A
5106694_5106696	1.0	N/A
5106696_5106698	1.0	N/A
5106698_5106701	1.0	N/A
5106701_5106703	1.0	N/A
5106703_5106706	1.0	N/A
5106706_5106708	1.0	N/A
5106708_5106711	1.0	N/A
5106711_5106714	1.0	N/A
5106714_5106716	1.0	N/A
5106716_5106719	1.0	N/A
5106719_5106724	1.0	N/A
5106724_5106727	1.0	N/A
5106727_5106729	1.0	N/A
5106729_5106732	1.0	N/A
5106732_5106735	1.0	N/A
5106735_5106738	1.0	N/A
5106738_5106741	1.0	N/A
5106741_5106744	1.0	N/A
5106744_5106746	1.0	N/A
5106746_5106748	1.0	N/A
5106748_5106751	1.0	N/A
5106751_5106753	1.0	N/A
5106753_5106756	1.0	N/A
5106756_5106758	1.0	N/A
5106758_5106760	1.0	N/A
5106760_5106763	1.0	N/A
5106763_5106765	1.0	N/A
5106765_5106767	1.0	N/A
5106767_5106770	1.0	N/A
5106770_5106773	1.0	N/A
5106773_5106776	1.0	N/A
5106776_5106779	1.0	N/A
5106779_5106782	1.0	N/A
5106782_5106786	1.0	N/A
5106785_5106783	1.0	N/A
5106786_5106789	1.0	N/A
5106789_5106792	1.0	N/A
5106792_5106795	1.0	N/A
5106795_5106799	N/A	N/A
5106799_5106802	1.0	N/A
5106802_5106805	1.0	N/A
5106805_5106808	1.0	N/A
5106808_5106811	1.0	N/A
5106811_5106813	1.0	N/A
5106813_5106815	1.0	N/A
5106815_5106817	1.0	N/A
5106817_5106821	N/A	N/A
